OTU,Domain,Phylum,Class,Order,Family,Genus,Species
MN944491.1,k__Eukaryota,p__Ascomycota,c__sordariomyceta,o__Helotiales,f__Sclerotiniaceae,g__Sclerotinia,s__Sclerotinia_trifoliorum
MH860044.1,k__Eukaryota,p__Ascomycota,c__sordariomyceta,o__Helotiales,f__Sclerotiniaceae,g__Botrytis,s__Botrytis_cinerea
MW138779.1,k__Eukaryota,p__Ascomycota,c__sordariomyceta,o__Helotiales,f__Sclerotiniaceae,g__Sclerotinia,s__Sclerotinia_sclerotiorum
MH856176.1,k__Eukaryota,p__Ascomycota,c__sordariomyceta,o__Helotiales,f__Sclerotiniaceae,g__Botrytis,s__Botrytis_squamosa
MH856435.1,k__Eukaryota,p__Ascomycota,c__sordariomyceta,o__Helotiales,f__Sclerotiniaceae,g__Botrytis,s__Botrytis_porri
Z99672.1,k__Eukaryota,p__Ascomycota,c__sordariomyceta,o__Helotiales,f__Sclerotiniaceae,g__Sclerotinia,s__Sclerotinia_tetraspora
LC228670.1,k__Eukaryota,p__Ascomycota,c__sordariomyceta,o__Helotiales,f__Sclerotiniaceae,g__Nervostroma,s__Nervostroma_depraedans
KJ718158.1,k__Eukaryota,p__Ascomycota,c__dothideomyceta,o__Pleosporales,f__Pleosporaceae,g__Alternaria,s__Alternaria_dauci
KF564282.1,k__Eukaryota,p__Ascomycota,c__sordariomyceta,o__Diaporthales,f__Melanconiellaceae,g__Greeneria,s__Greeneria_uvicola
KJ941072.1,k__Eukaryota,p__Ascomycota,c__sordariomyceta,o__Helotiales,f__Sclerotiniaceae,g__Myriosclerotinia,s__Myriosclerotinia_curreyana
MZ424694.1,k__Eukaryota,p__Ascomycota,c__sordariomyceta,o__Glomerellales,f__Glomerellaceae,g__Colletotrichum,s__Colletotrichum_acutatum
MK894584.1,k__Eukaryota,p__Ascomycota,c__sordariomyceta,o__Helotiales,f__Sclerotiniaceae,g__Stromatinia,s__Stromatinia_cepivora
MT586827.1,k__Eukaryota,p__Ascomycota,c__dothideomyceta,o__Mycosphaerellales,f__Mycosphaerellaceae,g__Neocercospora,s__Neocercospora_carotae
KX887186.1,k__Eukaryota,p__Ascomycota,c__dothideomyceta,o__Myriangiales,f__Elsinoaceae,g__Elsinoe,s__Elsinoe_ampelina
MZ150299.1,k__Eukaryota,p__Ascomycota,c__sordariomyceta,o__Diaporthales,f__Diaporthaceae,g__Diaporthe,s__Diaporthe_ambigua
MH862886.1,k__Eukaryota,p__Ascomycota,c__sordariomyceta,o__Diaporthales,f__Schizoparmaceae,g__Coniella,s__Coniella_diplodiella
GU237833.1,k__Eukaryota,p__Ascomycota,c__dothideomyceta,o__Pleosporales,f__Didymellaceae,g__Didymella,s__Didymella_arachidicola
AF347031.1,k__Eukaryota,p__Ascomycota,c__dothideomyceta,o__Pleosporales,f__Pleosporaceae,g__Alternaria,s__Alternaria_alternata
KM265189.1,k__Eukaryota,p__Ascomycota,c__sordariomyceta,o__Helotiales,f__Sclerotiniaceae,g__Sclerotinia,s__Sclerotinia_nivalis
MT345006.1,k__Eukaryota,p__Ascomycota,c__sordariomyceta,o__Glomerellales,f__Glomerellaceae,g__Colletotrichum,s__Colletotrichum_godetiae
MK817036.1,k__Eukaryota,p__Ascomycota,c__sordariomyceta,o__Diaporthales,f__Diaporthaceae,g__Diaporthe,s__Diaporthe_ampelina
MH854739.1,k__Eukaryota,p__Ascomycota,c__sordariomyceta,o__Helotiales,f__Sclerotiniaceae,g__Botrytis,s__Botrytis_byssoidea
AF033475.1,k__Eukaryota,p__Ascomycota,c__leotiomyceta,o__Eurotiales,f__Aspergillaceae,g__Penicillium,s__Penicillium_polonicum
JN906978.1,k__Eukaryota,p__Ascomycota,c__dothideomyceta,o__Cladosporiales,f__Cladosporiaceae,g__Cladosporium,s__Cladosporium_aphidis
MW633475.1,k__Eukaryota,p__Ascomycota,c__dothideomyceta,o__Cladosporiales,f__Cladosporiaceae,g__Cladosporium,s__Cladosporium_herbarum
MH855943.1,k__Eukaryota,p__Ascomycota,c__dothideomyceta,o__Pleosporales,f__Didymellaceae,g__Epicoccum,s__Epicoccum_nigrum
DQ780364.1,k__Eukaryota,p__Ascomycota,c__dothideomyceta,o__Cladosporiales,f__Cladosporiaceae,g__Cladosporium,s__Cladosporium_halotolerans
MH107884.1,k__Eukaryota,p__Ascomycota,c__sordariomyceta,o__Glomerellales,f__Glomerellaceae,g__Colletotrichum,s__Colletotrichum_kniphofiae
MH861018.1,k__Eukaryota,p__Ascomycota,c__sordariomyceta,o__Hypocreales,f__Nectriaceae,g__Fusarium,s__Fusarium_robustum
MH361212.1,k__Eukaryota,p__Ascomycota,c__sordariomyceta,o__Hypocreales,f__Nectriaceae,g__Fusarium,s__Fusarium_culmorum
KJ131184.1,k__Eukaryota,p__Ascomycota,c__sordariomyceta,o__Helotiales,f__Sclerotiniaceae,g__Monilinia,s__Monilinia_fructicola
MT441588.1,k__Eukaryota,p__Ascomycota,c__sordariomyceta,o__Hypocreales,f__Nectriaceae,g__Fusarium,s__Fusarium_sambucinum
MG736181.1,k__Eukaryota,p__Ascomycota,c__sordariomyceta,o__Hypocreales,f__Nectriaceae,g__Fusarium,s__Fusarium_poae
MW016616.1,k__Eukaryota,p__Ascomycota,c__sordariomyceta,o__Hypocreales,f__Nectriaceae,g__Fusarium,s__Fusarium_kyushuense
KC343063.1,k__Eukaryota,p__Ascomycota,c__sordariomyceta,o__Diaporthales,f__Diaporthaceae,g__Diaporthe,s__Diaporthe_detrusa
MH018134.1,k__Eukaryota,p__Ascomycota,c__dothideomyceta,o__Pleosporales,f__Phaeosphaeriaceae,g__Neosetophoma,s__Neosetophoma_guiyangensis
MF164487.1,k__Eukaryota,p__Ascomycota,c__sordariomyceta,o__Hypocreales,f__Nectriaceae,g__Fusarium,s__Fusarium_graminearum
KR232407.1,k__Eukaryota,p__Ascomycota,c__dothideomyceta,o__Mycosphaerellales,f__Mycosphaerellaceae,g__Neocercospora,s__Neocercospora_ammicola
LR993310.1,k__Eukaryota,p__Ascomycota,c__dothideomyceta,o__Pleosporales,f__Phaeosphaeriaceae,g__Paraphoma,s__Paraphoma_variabilis
KF941308.1,k__Eukaryota,p__Ascomycota,c__dothideomyceta,o__Mycosphaerellales,f__Mycosphaerellaceae,g__Cercospora,s__Cercospora_carotae
MT185475.1,k__Eukaryota,p__Ascomycota,c__sordariomyceta,o__Hypocreales,f__Nectriaceae,g__Fusarium,s__Fusarium_tricinctum
KJ490633.1,k__Eukaryota,p__Ascomycota,c__sordariomyceta,o__Diaporthales,f__Diaporthaceae,g__Diaporthe,s__Diaporthe_multigutullata
MN688804.1,k__Eukaryota,p__Ascomycota,c__dothideomyceta,o__Pleosporales,f__Pleosporaceae,g__Curvularia,s__Curvularia_canadensis
KJ846807.1,k__Eukaryota,p__Ascomycota,c__sordariomyceta,o__Glomerellales,f__Glomerellaceae,g__Colletotrichum,s__Colletotrichum_tamarilloi
KY979755.1,k__Eukaryota,p__Ascomycota,c__dothideomyceta,o__Pleosporales,f__Didymellaceae,g__Pseudopeyronellaea,s__Pseudopeyronellaea_eucalypti
OM283110.1,k__Eukaryota,p__Ascomycota,c__sordariomyceta,o__Diaporthales,f__Schizoparmaceae,g__Coniella,s__Coniella_vitis
MK799996.1,k__Eukaryota,p__Ascomycota,c__dothideomyceta,o__Pleosporales,f__Pleosporaceae,g__Curvularia,s__Curvularia_subpapendorfii
KT389508.1,k__Eukaryota,p__Ascomycota,c__dothideomyceta,o__Pleosporales,f__Didymellaceae,g__Neoascochyta,s__Neoascochyta_desmazieri
JQ948459.1,k__Eukaryota,p__Ascomycota,c__sordariomyceta,o__Glomerellales,f__Glomerellaceae,g__Colletotrichum,s__Colletotrichum_acerbum
KU850565.1,k__Eukaryota,p__Ascomycota,c__dothideomyceta,o__Pleosporales,f__Pleosporaceae,g__Stemphylium,s__Stemphylium_vesicarium
JQ948457.1,k__Eukaryota,p__Ascomycota,c__sordariomyceta,o__Glomerellales,f__Glomerellaceae,g__Colletotrichum,s__Colletotrichum_rhombiforme
MN200199.1,k__Eukaryota,p__Ascomycota,c__dothideomyceta,o__Dothideales,f__Saccotheciaceae,g__Aureobasidium,s__Aureobasidium_pullulans
KY105910.1,k__Eukaryota,p__Ascomycota,c__saccharomyceta,o__Saccharomycetales,f__Phaffomycetaceae,g__Wickerhamomyces,s__Wickerhamomyces_onychis
EU153512.1,k__Eukaryota,p__Basidiomycota,c__Opisthokonta,o__Polyporales,f__Polyporaceae,g__Trametes,s__Trametes_versicolor
KT600411.1,k__Eukaryota,p__Ascomycota,c__dothideomyceta,o__Cladosporiales,f__Cladosporiaceae,g__Cladosporium,s__Cladosporium_aciculare
JN886792.1,k__Eukaryota,p__Ascomycota,c__dothideomyceta,o__Dothideales,f__Saccotheciaceae,g__Aureobasidium,s__Aureobasidium_bupleuri
FJ150872.1,k__Eukaryota,p__Ascomycota,c__dothideomyceta,o__Dothideales,f__unidentified,g__Selenophoma,s__Selenophoma_mahoniae
HE861822.1,k__Eukaryota,p__Ascomycota,c__dothideomyceta,o__Pleosporales,f__Pleosporaceae,g__Curvularia,s__Curvularia_inaequalis
KC848278.1,k__Eukaryota,p__Basidiomycota,c__Opisthokonta,o__Polyporales,f__Polyporaceae,g__Trametes,s__Trametes_conchifer
HQ435870.1,k__Eukaryota,p__Basidiomycota,c__Opisthokonta,o__Polyporales,f__Polyporaceae,g__Trametes,s__Trametes_pubescens
KC343059.1,k__Eukaryota,p__Ascomycota,c__sordariomyceta,o__Diaporthales,f__Diaporthaceae,g__Diaporthe,s__Diaporthe_decedens
MG828928.1,k__Eukaryota,p__Ascomycota,c__dothideomyceta,o__Pleosporales,f__Phaeosphaeriaceae,g__Neosetophoma,s__Neosetophoma_rosigena
GU237762.1,k__Eukaryota,p__Ascomycota,c__dothideomyceta,o__Pleosporales,f__Didymellaceae,g__Paraboeremia,s__Paraboeremia_selaginellae
AF444470.1,k__Eukaryota,p__Basidiomycota,c__Opisthokonta,o__Trichosporonales,f__Trichosporonaceae,g__Apiotrichum,s__Apiotrichum_sporotrichoides
MK539966.1,k__Eukaryota,p__Ascomycota,c__dothideomyceta,o__Pleosporales,f__Phaeosphaeriaceae,g__Septoriella,s__Septoriella_hibernica
MT214359.1,k__Eukaryota,p__Ascomycota,c__dothideomyceta,o__Pleosporales,f__Didymosphaeriaceae,g__Tremateia,s__Tremateia_chromolaenae
MK539972.1,k__Eukaryota,p__Ascomycota,c__dothideomyceta,o__Pleosporales,f__Pleosporaceae,g__Pyrenophora,s__Pyrenophora_avenicola
AF444354.1,k__Eukaryota,p__Basidiomycota,c__Opisthokonta,o__Filobasidiales,f__Filobasidiaceae,g__Filobasidium,s__Filobasidium_chernovii
KJ939279.1,k__Eukaryota,p__Ascomycota,c__dothideomyceta,o__Pleosporales,f__Didymosphaeriaceae,g__Paraphaeosphaeria,s__Paraphaeosphaeria_michotii
MG865518.1,k__Eukaryota,p__Oomycota,c__Stramenopiles,o__Peronosporales,f__Peronosporaceae,g__Phytophthora,s__Phytophthora_ipomoeae
AF222850.1,k__Eukaryota,p__Ascomycota,c__dothideomyceta,o__Mycosphaerellales,f__Mycosphaerellaceae,g__Mycosphaerella,s__Mycosphaerella_asteroma
KY703619.1,k__Eukaryota,p__Ascomycota,c__dothideomyceta,o__Pleosporales,f__Didymellaceae,g__Epicoccum,s__Epicoccum_thailandicum
DQ323697.1,k__Eukaryota,p__Ascomycota,c__dothideomyceta,o__Pleosporales,f__Pleosporaceae,g__Alternaria,s__Alternaria_infectoria
KX765265.1,k__Eukaryota,p__Ascomycota,c__dothideomyceta,o__Pleosporales,f__Phaeosphaeriaceae,g__Chaetosphaeronema,s__Chaetosphaeronema_achilleae
HM004513.1,k__Eukaryota,p__Oomycota,c__Stramenopiles,o__Peronosporales,f__Peronosporaceae,g__Plasmopara,s__Plasmopara_nivea
GU237794.1,k__Eukaryota,p__Ascomycota,c__dothideomyceta,o__Pleosporales,f__Didymellaceae,g__Didymella,s__Didymella_exigua
MN244198.1,k__Eukaryota,p__Ascomycota,c__dothideomyceta,o__Pleosporales,f__Didymellaceae,g__Xenodidymella,s__Xenodidymella_camporesii
GU237775.1,k__Eukaryota,p__Ascomycota,c__dothideomyceta,o__Pleosporales,f__Didymellaceae,g__Didymella,s__Didymella_chenopodii
MT199882.1,k__Eukaryota,p__Ascomycota,c__sordariomyceta,o__Xylariales,f__Microdochiaceae,g__Microdochium,s__Microdochium_yunnanense
MT707332.1,k__Eukaryota,p__Oomycota,c__Stramenopiles,o__Peronosporales,f__Peronosporaceae,g__Phytophthora,s__Phytophthora_alpina
MH859602.1,k__Eukaryota,p__Ascomycota,c__sordariomyceta,o__Hypocreales,f__Valsonectriaceae,g__Valsonectria,s__Valsonectria_roseola
KY742078.1,k__Eukaryota,p__Ascomycota,c__dothideomyceta,o__Pleosporales,f__Didymellaceae,g__Didymella,s__Didymella_ocimicola
MW045555.1,k__Eukaryota,p__Ascomycota,c__dothideomyceta,o__Pleosporales,f__Pleosporaceae,g__Bipolaris,s__Bipolaris_omanensis
KF251179.1,k__Eukaryota,p__Ascomycota,c__dothideomyceta,o__Pleosporales,f__Phaeosphaeriaceae,g__Parastagonospora,s__Parastagonospora_poae
MW173048.1,k__Eukaryota,p__Ascomycota,c__sordariomyceta,o__Hypocreales,f__Nectriaceae,g__Fusarium,s__[Neocosmospora]_citricola
KU821452.1,k__Eukaryota,p__Ascomycota,c__dothideomyceta,o__Cladosporiales,f__Cladosporiaceae,g__Cladosporium,s__Cladosporium_tenuissimum
HM004512.1,k__Eukaryota,p__Oomycota,c__Stramenopiles,o__Peronosporales,f__Peronosporaceae,g__Plasmopara,s__Plasmopara_pusilla
MG828927.1,k__Eukaryota,p__Ascomycota,c__dothideomyceta,o__Pleosporales,f__Phaeosphaeriaceae,g__Neosetophoma,s__Neosetophoma_rosarum
FJ427003.1,k__Eukaryota,p__Ascomycota,c__dothideomyceta,o__Pleosporales,f__Didymellaceae,g__Didymella,s__Didymella_gardeniae
MW621494.1,k__Eukaryota,p__Ascomycota,c__dothideomyceta,o__Pleosporales,f__Phaeosphaeriaceae,g__Neosetophoma,s__Neosetophoma_buxi
MH656752.1,k__Eukaryota,p__Ascomycota,c__dothideomyceta,o__Pleosporales,f__Didymellaceae,g__Ascochyta,s__Ascochyta_herbicola
FJ427049.1,k__Eukaryota,p__Ascomycota,c__dothideomyceta,o__Pleosporales,f__Didymellaceae,g__Epicoccum,s__Epicoccum_pimprinum
U34580.1,k__Eukaryota,p__Ascomycota,c__sordariomyceta,o__Hypocreales,f__Nectriaceae,g__Fusarium,s__Fusarium_concolor
MH231815.1,k__Eukaryota,p__Basidiomycota,c__Opisthokonta,o__Tilletiales,f__Tilletiaceae,g__Tilletia,s__Tilletia_whiteochloae
GU214638.1,k__Eukaryota,p__Ascomycota,c__dothideomyceta,o__Cladosporiales,f__Cladosporiaceae,g__Melanodothis,s__Melanodothis_caricis
KF251261.1,k__Eukaryota,p__Ascomycota,c__dothideomyceta,o__Pleosporales,f__Massarinaceae,g__Stagonospora,s__Stagonospora_pseudovitensis
GU237895.1,k__Eukaryota,p__Ascomycota,c__dothideomyceta,o__Pleosporales,f__Didymellaceae,g__Phomatodes,s__Phomatodes_aubrietiae
AB025686.1,k__Eukaryota,p__Basidiomycota,c__Opisthokonta,o__Entylomatales,f__unidentified,g__Tilletiopsis,s__Tilletiopsis_washingtonensis
KJ869112.1,k__Eukaryota,p__Ascomycota,c__dothideomyceta,o__Pleosporales,f__Lentitheciaceae,g__Keissleriella,s__Keissleriella_poagena
EU040211.1,k__Eukaryota,p__Ascomycota,c__dothideomyceta,o__Pleosporales,f__Pleosporaceae,g__Alternaria,s__Alternaria_thalictrigena
AF444406.1,k__Eukaryota,p__Basidiomycota,c__Opisthokonta,o__Tremellales,f__Bulleribasidiaceae,g__Dioszegia,s__Dioszegia_crocea
KT389526.1,k__Eukaryota,p__Ascomycota,c__dothideomyceta,o__Pleosporales,f__Didymellaceae,g__Neoascochyta,s__Neoascochyta_tardicrescens
KP322984.1,k__Eukaryota,p__Basidiomycota,c__Opisthokonta,o__Entylomatales,f__unidentified,g__Tilletiopsis,s__Tilletiopsis_lilacina
AB594795.1,k__Eukaryota,p__Ascomycota,c__sordariomyceta,o__Xylariales,f__Amphisphaeriaceae,g__Discostroma,s__Discostroma_tostum
FJ266483.1,k__Eukaryota,p__Ascomycota,c__dothideomyceta,o__Pleosporales,f__Pleosporaceae,g__Alternaria,s__Alternaria_cucurbitae
MK404325.1,k__Eukaryota,p__Basidiomycota,c__Opisthokonta,o__Agaricales,f__Cystostereaceae,g__Crustomyces,s__Crustomyces_albidus
MN973540.1,k__Eukaryota,p__Ascomycota,c__dothideomyceta,o__Pleosporales,f__Didymellaceae,g__Didymella,s__Didymella_subrosea
MK953367.1,k__Eukaryota,p__Basidiomycota,c__Opisthokonta,o__Agaricales,f__Pterulaceae,g__Pterulicium,s__Pterulicium_caricis-pendulae
KJ707062.1,k__Eukaryota,p__Basidiomycota,c__Opisthokonta,o__Filobasidiales,f__Filobasidiaceae,g__Filobasidium,s__Filobasidium_magnum
MW710688.1,k__Eukaryota,p__Basidiomycota,c__Opisthokonta,o__Tremellales,f__Bulleribasidiaceae,g__Vishniacozyma,s__Vishniacozyma_carnescens
OL989249.1,k__Eukaryota,p__Ascomycota,c__sordariomyceta,o__Hypocreales,f__Nectriaceae,g__Fusarium,s__Fusarium_pseudoanthophilum
KR920363.1,k__Eukaryota,p__Ascomycota,c__sordariomyceta,o__Xylariales,f__Sporocadaceae,g__Seimatosporium,s__Seimatosporium_vitis
MG520945.1,k__Eukaryota,p__Ascomycota,c__dothideomyceta,o__Pleosporales,f__Phaeosphaeriaceae,g__Paraophiobolus,s__Paraophiobolus_arundinis
KY568986.1,k__Eukaryota,p__Ascomycota,c__dothideomyceta,o__Pleosporales,f__Phaeosphaeriaceae,g__Neosetophoma,s__Neosetophoma_poaceicola
AF310168.1,k__Eukaryota,p__Basidiomycota,c__Opisthokonta,o__Tilletiales,f__Tilletiaceae,g__Tilletia,s__Tilletia_barclayana
KR873249.1,k__Eukaryota,p__Ascomycota,c__dothideomyceta,o__Pleosporales,f__Phaeosphaeriaceae,g__Septoriella,s__Septoriella_hirta
KP004463.1,k__Eukaryota,p__Ascomycota,c__sordariomyceta,o__Xylariales,f__Sporocadaceae,g__Seimatosporium,s__Seimatosporium_pistaciae
U34581.1,k__Eukaryota,p__Ascomycota,c__sordariomyceta,o__Hypocreales,f__Nectriaceae,g__Fusarium,s__Fusarium_buharicum
FJ427048.1,k__Eukaryota,p__Ascomycota,c__dothideomyceta,o__Pleosporales,f__Didymellaceae,g__Neoascochyta,s__Neoascochyta_paspali
KJ415542.1,k__Eukaryota,p__Ascomycota,c__dothideomyceta,o__Pleosporales,f__Pleosporaceae,g__Curvularia,s__Curvularia_bannonii
GU237890.1,k__Eukaryota,p__Ascomycota,c__dothideomyceta,o__Pleosporales,f__Didymellaceae,g__Stagonosporopsis,s__Stagonosporopsis_loticola
KP744450.1,k__Eukaryota,p__Ascomycota,c__dothideomyceta,o__Pleosporales,f__Phaeosphaeriaceae,g__Neosetophoma,s__Neosetophoma_clematidis
OM189455.1,k__Eukaryota,p__Ascomycota,c__sordariomyceta,o__Hypocreales,f__Nectriaceae,g__Fusarium,s__Fusarium_equiseti
KX287385.1,k__Eukaryota,p__Ascomycota,c__dothideomyceta,o__Mycosphaerellales,f__Mycosphaerellaceae,g__Ramularia,s__Ramularia_collo-cygni
MK953365.1,k__Eukaryota,p__Basidiomycota,c__Opisthokonta,o__Agaricales,f__Pterulaceae,g__Pterulicium,s__Pterulicium_brunneosetosum
KX965732.1,k__Eukaryota,p__Ascomycota,c__dothideomyceta,o__Pleosporales,f__Periconiaceae,g__Periconia,s__Periconia_cortaderiae
GU237795.1,k__Eukaryota,p__Ascomycota,c__dothideomyceta,o__Pleosporales,f__Didymellaceae,g__Epicoccum,s__Epicoccum_draconis
MG828948.1,k__Eukaryota,p__Ascomycota,c__dothideomyceta,o__Pleosporales,f__Phaeosphaeriaceae,g__Poaceicola,s__Poaceicola_rosae
KX287537.1,k__Eukaryota,p__Ascomycota,c__dothideomyceta,o__Mycosphaerellales,f__Mycosphaerellaceae,g__Ramularia,s__Ramularia_vallisumbrosae
FJ790287.1,k__Eukaryota,p__Ascomycota,c__dothideomyceta,o__Cladosporiales,f__Cladosporiaceae,g__Toxicocladosporium,s__Toxicocladosporium_rubrigenum
AY552328.1,k__Eukaryota,p__Basidiomycota,c__Opisthokonta,o__Sporidiobolales,f__Sporidiobolaceae,g__Sporobolomyces,s__Sporobolomyces_patagonicus
KJ869111.1,k__Eukaryota,p__Ascomycota,c__dothideomyceta,o__Pleosporales,f__Phaeosphaeriaceae,g__Septoriella,s__Septoriella_poae
MG386056.1,k__Eukaryota,p__Ascomycota,c__dothideomyceta,o__Pleosporales,f__Didymellaceae,g__Nothophoma,s__Nothophoma_acaciae
AY004778.1,k__Eukaryota,p__Ascomycota,c__dothideomyceta,o__Pleosporales,f__Pleosporaceae,g__Curvularia,s__Curvularia_portulacae
AF439473.1,k__Eukaryota,p__Ascomycota,c__dothideomyceta,o__Pleosporales,f__Phaeosphaeriaceae,g__Phaeosphaeria,s__Phaeosphaeria_berlesei
AF455494.1,k__Eukaryota,p__Ascomycota,c__dothideomyceta,o__Pleosporales,f__Leptosphaeriaceae,g__Leptosphaeria,s__Leptosphaeria_microscopica
HQ162266.1,k__Eukaryota,p__Ascomycota,c__dothideomyceta,o__Mycosphaerellales,f__Mycosphaerellaceae,g__Ramularia,s__Ramularia_nyssicola
JN712454.1,k__Eukaryota,p__Ascomycota,c__dothideomyceta,o__Pleosporales,f__Didymosphaeriaceae,g__Verrucoconiothyrium,s__Verrucoconiothyrium_nitidae
FM180035.1,k__Eukaryota,p__Ascomycota,c__dothideomyceta,o__Pleosporales,f__Didymellaceae,g__Ascochyta,s__Ascochyta_fabae
KJ415540.1,k__Eukaryota,p__Ascomycota,c__dothideomyceta,o__Pleosporales,f__Pleosporaceae,g__Curvularia,s__Curvularia_australiensis
KC584220.1,k__Eukaryota,p__Ascomycota,c__dothideomyceta,o__Pleosporales,f__Pleosporaceae,g__Alternaria,s__Alternaria_sonchi
KR909390.1,k__Eukaryota,p__Ascomycota,c__sordariomyceta,o__Hypocreales,f__Nectriaceae,g__Fusarium,s__Fusarium_nisikadoi
MT214351.1,k__Eukaryota,p__Ascomycota,c__dothideomyceta,o__Pleosporales,f__Didymosphaeriaceae,g__Montagnula,s__Montagnula_chromolaenicola
MN756639.1,k__Eukaryota,p__Ascomycota,c__dothideomyceta,o__Pleosporales,f__Phaeosphaeriaceae,g__Paraloratospora,s__Paraloratospora_camporesii
HQ897830.1,k__Eukaryota,p__Ascomycota,c__sordariomyceta,o__Hypocreales,f__Nectriaceae,g__Fusarium,s__Fusarium_sublunatum
GU237837.1,k__Eukaryota,p__Ascomycota,c__dothideomyceta,o__Pleosporales,f__Didymellaceae,g__Vacuiphoma,s__Vacuiphoma_bulgarica
GU237761.1,k__Eukaryota,p__Ascomycota,c__dothideomyceta,o__Pleosporales,f__Didymellaceae,g__Neodidymelliopsis,s__Neodidymelliopsis_cannabis
MG520948.1,k__Eukaryota,p__Ascomycota,c__dothideomyceta,o__Pleosporales,f__Phaeosphaeriaceae,g__Pseudoophiobolus,s__Pseudoophiobolus_italicus
MG828956.1,k__Eukaryota,p__Ascomycota,c__dothideomyceta,o__Pleosporales,f__Phaeosphaeriaceae,g__Sclerostagonospora,s__Sclerostagonospora_rosae
MN082417.1,k__Eukaryota,p__Ascomycota,c__dothideomyceta,o__Pleosporales,f__Phaeosphaeriaceae,g__Ophiosphaerella,s__Ophiosphaerella_taiwanica
MH857438.1,k__Eukaryota,p__Ascomycota,c__dothideomyceta,o__Pleosporales,f__Didymellaceae,g__Calophoma,s__Calophoma_vincetoxici
MK794327.1,k__Eukaryota,p__Ascomycota,c__sordariomyceta,o__Hypocreales,f__Cordycipitaceae,g__Leptobacillium,s__Leptobacillium_leptobactrum
MG865509.1,k__Eukaryota,p__Oomycota,c__Stramenopiles,o__Peronosporales,f__Peronosporaceae,g__Phytophthora,s__Phytophthora_idaei
LR583793.1,k__Eukaryota,p__Ascomycota,c__sordariomyceta,o__Hypocreales,f__Nectriaceae,g__Fusarium,s__Fusarium_neocosmosporiellum
MG520952.1,k__Eukaryota,p__Ascomycota,c__dothideomyceta,o__Pleosporales,f__Phaeosphaeriaceae,g__Pseudoophiobolus,s__Pseudoophiobolus_rosae
JX143583.1,k__Eukaryota,p__Ascomycota,c__dothideomyceta,o__Mycosphaerellales,f__Mycosphaerellaceae,g__Cercospora,s__Cercospora_coniogrammes
U34556.1,k__Eukaryota,p__Ascomycota,c__sordariomyceta,o__Hypocreales,f__Nectriaceae,g__Fusarium,s__Fusarium_sacchari
MK790186.1,k__Eukaryota,p__Ascomycota,c__dothideomyceta,o__Pleosporales,f__Phaeosphaeriaceae,g__Phaeosphaeria,s__Phaeosphaeria_lycopodina
AY546067.1,k__Eukaryota,p__Ascomycota,c__sordariomyceta,o__Xylariales,f__unidentified,g__unidentified,s__fungal_endophyte_EMS68
AB811456.1,k__Eukaryota,p__Ascomycota,c__dothideomyceta,o__Pleosporales,f__Lentitheciaceae,g__Keissleriella,s__Keissleriella_quadriseptata
KC584209.1,k__Eukaryota,p__Ascomycota,c__dothideomyceta,o__Pleosporales,f__Pleosporaceae,g__Alternaria,s__Alternaria_panax
MK876408.1,k__Eukaryota,p__Ascomycota,c__dothideomyceta,o__Mycosphaerellales,f__Mycosphaerellaceae,g__Ramularia,s__Ramularia_pistaciae
MW175363.1,k__Eukaryota,p__Ascomycota,c__dothideomyceta,o__Pleosporales,f__Pleosporaceae,g__Curvularia,s__Curvularia_moringae
MK560161.1,k__Eukaryota,p__Ascomycota,c__dothideomyceta,o__Pleosporales,f__Phaeosphaeriaceae,g__Septoriella,s__Septoriella_pseudophragmitis
MH860974.1,k__Eukaryota,p__Ascomycota,c__dothideomyceta,o__Pleosporales,f__Phaeosphaeriaceae,g__Parastagonospora,s__Parastagonospora_nodorum
MG828953.1,k__Eukaryota,p__Ascomycota,c__dothideomyceta,o__Pleosporales,f__Didymosphaeriaceae,g__Pseudopithomyces,s__Pseudopithomyces_rosae
MN823591.1,k__Eukaryota,p__Ascomycota,c__dothideomyceta,o__Pleosporales,f__Didymellaceae,g__Vandijckomycella,s__Vandijckomycella_snoekiae
MF183941.1,k__Eukaryota,p__Basidiomycota,c__Opisthokonta,o__Agaricales,f__Cystostereaceae,g__Crustomyces,s__Crustomyces_subabruptus
KF251230.1,k__Eukaryota,p__Ascomycota,c__dothideomyceta,o__Pleosporales,f__Phaeosphaeriaceae,g__Septoriella,s__Septoriella_hubertusii
MH859629.1,k__Eukaryota,p__Ascomycota,c__sordariomyceta,o__Hypocreales,f__Sarocladiaceae,g__Sarocladium,s__Sarocladium_strictum
AF284387.1,k__Eukaryota,p__Ascomycota,c__dothideomyceta,o__Mycosphaerellales,f__Mycosphaerellaceae,g__Cercospora,s__Cercospora_caricis
MF472945.1,k__Eukaryota,p__Ascomycota,c__dothideomyceta,o__Cladosporiales,f__Cladosporiaceae,g__Cladosporium,s__Cladosporium_coloradense
JN383493.1,k__Eukaryota,p__Ascomycota,c__dothideomyceta,o__Pleosporales,f__Pleosporaceae,g__Alternaria,s__Alternaria_phragmospora
MT537019.1,k__Eukaryota,p__Basidiomycota,c__Opisthokonta,o__Agaricales,f__Stephanosporaceae,g__Lindtneria,s__Lindtneria_chordulata
MG828921.1,k__Eukaryota,p__Ascomycota,c__dothideomyceta,o__Pleosporales,f__Didymellaceae,g__Neoascochyta,s__Neoascochyta_rosicola
AY618232.1,k__Eukaryota,p__Ascomycota,c__sordariomyceta,o__Hypocreales,f__Nectriaceae,g__Fusarium,s__Fusarium_lateritium
MW536994.1,k__Eukaryota,p__Ascomycota,c__dothideomyceta,o__Pleosporales,f__Phaeosphaeriaceae,g__Ophiosphaerella,s__Ophiosphaerella_narmari
MH862851.1,k__Eukaryota,p__Ascomycota,c__dothideomyceta,o__Pleosporales,f__Phaeosphaeriaceae,g__Phaeosphaeriopsis,s__Phaeosphaeriopsis_amblyospora
AB179837.1,k__Eukaryota,p__Ascomycota,c__dothideomyceta,o__Pleosporales,f__Pleosporaceae,g__Bipolaris,s__Bipolaris_stenospila
LC485673.1,k__Eukaryota,p__Ascomycota,c__sordariomyceta,o__Hypocreales,f__Cordycipitaceae,g__Leptobacillium,s__Leptobacillium_symbioticum
OL842184.1,k__Eukaryota,p__Ascomycota,c__sordariomyceta,o__Glomerellales,f__Glomerellaceae,g__Colletotrichum,s__Colletotrichum_baiyuense
KT389480.1,k__Eukaryota,p__Ascomycota,c__dothideomyceta,o__Pleosporales,f__Didymellaceae,g__Ascochyta,s__Ascochyta_koolunga
MN733734.1,k__Eukaryota,p__Ascomycota,c__dothideomyceta,o__Pleosporales,f__Leptosphaeriaceae,g__Heterosporicola,s__Heterosporicola_beijingensis
KY173398.1,k__Eukaryota,p__Ascomycota,c__dothideomyceta,o__Pleosporales,f__Coniothyriaceae,g__Coniothyrium,s__Coniothyrium_hakeae
MZ531891.1,k__Eukaryota,p__Ascomycota,c__dothideomyceta,o__Cladosporiales,f__Cladosporiaceae,g__Cladosporium,s__Cladosporium_cladosporioides
MK539973.1,k__Eukaryota,p__Ascomycota,c__dothideomyceta,o__Pleosporales,f__Pleosporaceae,g__Pyrenophora,s__Pyrenophora_biseptata
MH327825.1,k__Eukaryota,p__Ascomycota,c__dothideomyceta,o__Pleosporales,f__Didymellaceae,g__Didymella,s__Didymella_cari
KR873250.1,k__Eukaryota,p__Ascomycota,c__dothideomyceta,o__Pleosporales,f__Phaeosphaeriaceae,g__Septoriella,s__Septoriella_oudemansii
OM959577.1,k__Eukaryota,p__Ascomycota,c__sordariomyceta,o__Hypocreales,f__Nectriaceae,g__Fusarium,s__Fusarium_verticillioides
MT913624.1,k__Eukaryota,p__Ascomycota,c__sordariomyceta,o__Boliniales,f__Boliniaceae,g__Camarops,s__Camarops_petersii
U34582.1,k__Eukaryota,p__Ascomycota,c__sordariomyceta,o__Hypocreales,f__Nectriaceae,g__Fusarium,s__Fusarium_beomiforme
MT185527.1,k__Eukaryota,p__Ascomycota,c__dothideomyceta,o__Pleosporales,f__Didymellaceae,g__Neoascochyta,s__Neoascochyta_dactylidis
OL614712.1,k__Eukaryota,p__Basidiomycota,c__Opisthokonta,o__Erythrobasidiales,f__Erythrobasidiaceae,g__Erythrobasidium,s__Erythrobasidium_hasegawianum
HG779026.1,k__Eukaryota,p__Ascomycota,c__dothideomyceta,o__Pleosporales,f__Pleosporaceae,g__Curvularia,s__Curvularia_verruciformis
AF169307.1,k__Eukaryota,p__Ascomycota,c__dothideomyceta,o__Mytilinidiales,f__Mytilinidiaceae,g__Lophium,s__Lophium_arboricola
MN688801.2,k__Eukaryota,p__Ascomycota,c__dothideomyceta,o__Pleosporales,f__Pleosporaceae,g__Curvularia,s__Curvularia_arcana
KR632862.1,k__Eukaryota,p__Oomycota,c__Stramenopiles,o__Peronosporales,f__Peronosporaceae,g__Phytophthora,s__Phytophthora_urerae
KT198722.1,k__Eukaryota,p__Ascomycota,c__sordariomyceta,o__Xylariales,f__Sporocadaceae,g__Seimatosporium,s__Seimatosporium_physocarpi
AY571036.1,k__Eukaryota,p__Basidiomycota,c__Opisthokonta,o__Agaricales,f__Cyphellopsidaceae,g__Cyphellopsis,s__Cyphellopsis_anomala
MW114356.1,k__Eukaryota,p__Ascomycota,c__sordariomyceta,o__Diaporthales,f__Schizoparmaceae,g__Coniella,s__Coniella_fici
KY979757.1,k__Eukaryota,p__Ascomycota,c__dothideomyceta,o__Pleosporales,f__Phaeosphaeriaceae,g__Didymocyrtis,s__Didymocyrtis_banksiae
KY173420.1,k__Eukaryota,p__Ascomycota,c__dothideomyceta,o__Mycosphaerellales,f__Mycosphaerellaceae,g__Mycodiella,s__Mycodiella_eucalypti
AF444349.1,k__Eukaryota,p__Basidiomycota,c__Opisthokonta,o__Filobasidiales,f__Filobasidiaceae,g__Filobasidium,s__Filobasidium_oeirense
MH231779.1,k__Eukaryota,p__Basidiomycota,c__Opisthokonta,o__Tilletiales,f__Tilletiaceae,g__Tilletia,s__Tilletia_chionachnes
MF795780.1,k__Eukaryota,p__Ascomycota,c__dothideomyceta,o__Pleosporales,f__Cucurbitariaceae,g__Neocucurbitaria,s__Neocucurbitaria_rhamnicola
KR476719.1,k__Eukaryota,p__Ascomycota,c__dothideomyceta,o__Pleosporales,f__Pleosporaceae,g__Neoplatysporoides,s__Neoplatysporoides_aloicola
EF175940.1,k__Eukaryota,p__Ascomycota,c__dothideomyceta,o__Pleosporales,f__Pleosporaceae,g__Curvularia,s__Curvularia_sesuvii
JQ005767.1,k__Eukaryota,p__Ascomycota,c__sordariomyceta,o__Glomerellales,f__Glomerellaceae,g__Colletotrichum,s__Colletotrichum_graminicola
KC584218.1,k__Eukaryota,p__Ascomycota,c__dothideomyceta,o__Pleosporales,f__Pleosporaceae,g__Alternaria,s__Alternaria_soliaridae
MH013190.1,k__Eukaryota,p__Basidiomycota,c__Opisthokonta,o__Agaricales,f__Schizophyllaceae,g__Auriculariopsis,s__Auriculariopsis_ampla
MG865599.1,k__Eukaryota,p__Oomycota,c__Stramenopiles,o__Peronosporales,f__Peronosporaceae,g__Phytophthora,s__Phytophthora_x_serendipita
JQ936290.1,k__Eukaryota,p__Ascomycota,c__dothideomyceta,o__Pleosporales,f__Pleosporaceae,g__Stemphylium,s__Stemphylium_solani
AY081046.1,k__Eukaryota,p__Basidiomycota,c__Opisthokonta,o__Entylomatales,f__Entylomataceae,g__Entyloma,s__Entyloma_polysporum
EF553509.1,k__Eukaryota,p__Oomycota,c__Stramenopiles,o__Peronosporales,f__Peronosporaceae,g__Plasmopara,s__Plasmopara_euphrasiae
HQ728117.1,k__Eukaryota,p__Ascomycota,c__dothideomyceta,o__Mycosphaerellales,f__Mycosphaerellaceae,g__Ramularia,s__Ramularia_cynarae
KX287483.1,k__Eukaryota,p__Ascomycota,c__dothideomyceta,o__Mycosphaerellales,f__Mycosphaerellaceae,g__Ramularia,s__Ramularia_osterici
KT383824.1,k__Eukaryota,p__Ascomycota,c__dothideomyceta,o__Pleosporales,f__Phaeosphaeriaceae,g__Didymocyrtis,s__Didymocyrtis_epiphyscia
KC584241.1,k__Eukaryota,p__Ascomycota,c__dothideomyceta,o__Pleosporales,f__Pleosporaceae,g__Alternaria,s__Alternaria_leucanthemi
AF229488.1,k__Eukaryota,p__Ascomycota,c__dothideomyceta,o__Pleosporales,f__Pleosporaceae,g__Alternaria,s__Alternaria_chartarum
KY769660.1,k__Eukaryota,p__Ascomycota,c__dothideomyceta,o__Pleosporales,f__Phaeosphaeriaceae,g__Parastagonospora,s__Parastagonospora_forlicesenica
JN100643.1,k__Eukaryota,p__Ascomycota,c__sordariomyceta,o__Hypocreales,f__Nectriaceae,g__Cylindrocladiella,s__Cylindrocladiella_variabilis
MK214368.1,k__Eukaryota,p__Ascomycota,c__dothideomyceta,o__Pleosporales,f__Lentitheciaceae,g__Keissleriella,s__Keissleriella_caraganae
KM086848.1,k__Eukaryota,p__Basidiomycota,c__Opisthokonta,o__Agaricales,f__Stephanosporaceae,g__Stephanospora,s__Stephanospora_kanuka
KC584199.1,k__Eukaryota,p__Ascomycota,c__dothideomyceta,o__Pleosporales,f__Pleosporaceae,g__Alternaria,s__Alternaria_gypsophilae
KC584230.1,k__Eukaryota,p__Ascomycota,c__dothideomyceta,o__Pleosporales,f__Pleosporaceae,g__Alternaria,s__Alternaria_embellisia
KX767088.1,k__Eukaryota,p__Ascomycota,c__dothideomyceta,o__Pleosporales,f__Phaeosphaeriaceae,g__Ophiosphaerella,s__Ophiosphaerella_aquatica
MW175333.1,k__Eukaryota,p__Ascomycota,c__sordariomyceta,o__Hypocreales,f__Nectriaceae,g__Neocalonectria,s__Neocalonectria_tristaniopsidis
MK418793.1,k__Eukaryota,p__Ascomycota,c__dothideomyceta,o__Pleosporales,f__Cucurbitariaceae,g__Protofenestella,s__Protofenestella_ulmi
MZ343574.1,k__Eukaryota,p__Ascomycota,c__sordariomyceta,o__Hypocreales,f__Nectriaceae,g__Fusarium,s__Fusarium_venenatum
JF499850.1,k__Eukaryota,p__Ascomycota,c__dothideomyceta,o__Mycosphaerellales,f__Teratosphaeriaceae,g__Xenophacidiella,s__Xenophacidiella_pseudocatenata
JF740221.1,k__Eukaryota,p__Ascomycota,c__dothideomyceta,o__Pleosporales,f__Leptosphaeriaceae,g__Leptosphaeria,s__Leptosphaeria_etheridgei
AF139627.1,k__Eukaryota,p__Basidiomycota,c__Opisthokonta,o__Cystofilobasidiales,f__Cystofilobasidiaceae,g__Cystofilobasidium,s__Cystofilobasidium_capitatum
MH859138.1,k__Eukaryota,p__Ascomycota,c__dothideomyceta,o__Pleosporales,f__Leptosphaeriaceae,g__Subplenodomus,s__Subplenodomus_violicola
MK442615.1,k__Eukaryota,p__Ascomycota,c__dothideomyceta,o__Pleosporales,f__Phaeosphaeriaceae,g__Piniphoma,s__Piniphoma_wesendahlina
MT177938.1,k__Eukaryota,p__Ascomycota,c__sordariomyceta,o__Diaporthales,f__Gnomoniaceae,g__Apiognomonia,s__Apiognomonia_pseudohystrix
LT631316.1,k__Eukaryota,p__Ascomycota,c__dothideomyceta,o__Pleosporales,f__Pleosporaceae,g__Exserohilum,s__Exserohilum_khartoumense
AF444629.1,k__Eukaryota,p__Basidiomycota,c__Opisthokonta,o__Leucosporidiales,f__Leucosporidiaceae,g__Leucosporidium,s__Leucosporidium_creatinivorum
AB809629.1,k__Eukaryota,p__Ascomycota,c__dothideomyceta,o__Pleosporales,f__Massarinaceae,g__Helminthosporium,s__Helminthosporium_massarinum
KY101653.1,k__Eukaryota,p__Ascomycota,c__saccharomyceta,o__Saccharomycetales,f__unidentified,g__Ambrosiozyma,s__Ambrosiozyma_pseudovanderkliftii
MK539965.1,k__Eukaryota,p__Ascomycota,c__dothideomyceta,o__Pleosporales,f__Phaeosphaeriaceae,g__Septoriella,s__Septoriella_germanica
MK409349.1,k__Eukaryota,p__Ascomycota,c__sordariomyceta,o__Diaporthales,f__Diaporthaceae,g__Diaporthe,s__Diaporthe_caulivora
KJ443356.1,k__Eukaryota,p__Ascomycota,c__dothideomyceta,o__Pleosporales,f__Didymellaceae,g__Phoma,s__Phoma_commelinicola
MH861763.1,k__Eukaryota,p__Ascomycota,c__dothideomyceta,o__Pleosporales,f__Phaeosphaeriaceae,g__Septoriella,s__Septoriella_leuchtmannii
MW447053.1,k__Eukaryota,p__Ascomycota,c__sordariomyceta,o__Diaporthales,f__Diaporthaceae,g__Diaporthe,s__Diaporthe_cucurbitae
MF167428.1,k__Eukaryota,p__Ascomycota,c__dothideomyceta,o__Pleosporales,f__Phaeosphaeriaceae,g__Acericola,s__Acericola_italica
EU885415.1,k__Eukaryota,p__Ascomycota,c__dothideomyceta,o__Pleosporales,f__Cucurbitariaceae,g__Neocucurbitaria,s__Neocucurbitaria_keratinophila
FJ473373.1,k__Eukaryota,p__Basidiomycota,c__Opisthokonta,o__Holtermanniales,f__unidentified,g__Holtermanniella,s__Holtermanniella_wattica
MW827611.1,k__Eukaryota,p__Ascomycota,c__sordariomyceta,o__Hypocreales,f__Nectriaceae,g__Fusarium,s__Fusarium_sarcochroum
KX306763.1,k__Eukaryota,p__Ascomycota,c__dothideomyceta,o__Pleosporales,f__Phaeosphaeriaceae,g__Neosetophoma,s__Neosetophoma_lunariae
MK539959.1,k__Eukaryota,p__Ascomycota,c__dothideomyceta,o__Pleosporales,f__Phaeosphaeriaceae,g__Phaeosphaeriopsis,s__Phaeosphaeriopsis_aloes
KF251229.1,k__Eukaryota,p__Ascomycota,c__dothideomyceta,o__Mycosphaerellales,f__Mycosphaerellaceae,g__Ruptoseptoria,s__Ruptoseptoria_unedonis
KT389515.1,k__Eukaryota,p__Ascomycota,c__dothideomyceta,o__Pleosporales,f__Didymellaceae,g__Neoascochyta,s__Neoascochyta_exitialis
KP271443.1,k__Eukaryota,p__Ascomycota,c__dothideomyceta,o__Pleosporales,f__Pleosporaceae,g__Sulcispora,s__Sulcispora_supratumida
MG826827.1,k__Eukaryota,p__Ascomycota,c__sordariomyceta,o__Hypocreales,f__Niessliaceae,g__Monocillium,s__Monocillium_ligusticum
MG826989.1,k__Eukaryota,p__Ascomycota,c__sordariomyceta,o__Hypocreales,f__Niessliaceae,g__Niesslia,s__Niesslia_mucida
FJ426989.1,k__Eukaryota,p__Ascomycota,c__dothideomyceta,o__Pleosporales,f__Didymellaceae,g__Calophoma,s__Calophoma_clematidina
KP859038.1,k__Eukaryota,p__Ascomycota,c__sordariomyceta,o__Xylariales,f__Microdochiaceae,g__Microdochium,s__Microdochium_seminicola
MH863412.1,k__Eukaryota,p__Ascomycota,c__dothideomyceta,o__Cladosporiales,f__Cladosporiaceae,g__Rachicladosporium,s__Rachicladosporium_americanum
KF251253.1,k__Eukaryota,p__Ascomycota,c__dothideomyceta,o__Mycosphaerellales,f__Mycosphaerellaceae,g__Sphaerulina,s__Sphaerulina_pseudovirgaureae
KR476720.1,k__Eukaryota,p__Ascomycota,c__dothideomyceta,o__Capnodiales,f__Readerielliopsidaceae,g__Readerielliopsis,s__Readerielliopsis_fuscoporiae
FJ427042.1,k__Eukaryota,p__Ascomycota,c__dothideomyceta,o__Pleosporales,f__Didymellaceae,g__Cumuliphoma,s__Cumuliphoma_omnivirens
AF294699.1,k__Eukaryota,p__Basidiomycota,c__Opisthokonta,o__Ustilaginales,f__Ustilaginaceae,g__Moesziomyces,s__Moesziomyces_aphidis
MN688819.1,k__Eukaryota,p__Ascomycota,c__dothideomyceta,o__Pleosporales,f__Pleosporaceae,g__Curvularia,s__Curvularia_pseudointermedia
KT326692.1,k__Eukaryota,p__Ascomycota,c__dothideomyceta,o__Pleosporales,f__Phaeosphaeriaceae,g__Galiicola,s__Galiicola_pseudophaeosphaeria
KP004452.1,k__Eukaryota,p__Ascomycota,c__dothideomyceta,o__Pleosporales,f__Phaeosphaeriaceae,g__Phaeosphaeria,s__Phaeosphaeria_podocarpi
KP744446.1,k__Eukaryota,p__Ascomycota,c__dothideomyceta,o__Pleosporales,f__Leptosphaeriaceae,g__Leptosphaeria,s__Leptosphaeria_ebuli
OK664755.1,k__Eukaryota,p__Ascomycota,c__dothideomyceta,o__Capnodiales,f__Neoantennariellaceae,g__Cippumomyces,s__Cippumomyces_mortalis
OK664717.1,k__Eukaryota,p__Ascomycota,c__dothideomyceta,o__Cladosporiales,f__Cladosporiaceae,g__Toxicocladosporium,s__Toxicocladosporium_glendoranum
KX228265.1,k__Eukaryota,p__Ascomycota,c__dothideomyceta,o__Pleosporales,f__Parapyrenochaetaceae,g__Parapyrenochaeta,s__Parapyrenochaeta_acaciae
MW560258.1,k__Eukaryota,p__Ascomycota,c__sordariomyceta,o__Xylariales,f__Sporocadaceae,g__Seimatosporium,s__Seimatosporium_lichenicola
GU214650.1,k__Eukaryota,p__Ascomycota,c__dothideomyceta,o__Cladosporiales,f__Cladosporiaceae,g__Rachicladosporium,s__Rachicladosporium_cboliae
KP004456.1,k__Eukaryota,p__Ascomycota,c__dothideomyceta,o__Mycosphaerellales,f__Mycosphaerellaceae,g__Sphaerulina,s__Sphaerulina_pelargonii
MK539957.1,k__Eukaryota,p__Ascomycota,c__dothideomyceta,o__Pleosporales,f__Phaeosphaeriaceae,g__Parastagonospora,s__Parastagonospora_novozelandica
MH231803.1,k__Eukaryota,p__Basidiomycota,c__Opisthokonta,o__Tilletiales,f__Tilletiaceae,g__Tilletia,s__Tilletia_rugispora
MT215496.1,k__Eukaryota,p__Ascomycota,c__sordariomyceta,o__Hypocreales,f__Nectriaceae,g__Fusarium,s__Fusarium_magnoliae-champaca
ON130635.1,k__Eukaryota,p__Ascomycota,c__dothideomyceta,o__Pleosporales,f__Pleosporaceae,g__Curvularia,s__Curvularia_lunata
HQ700351.1,k__Eukaryota,p__Ascomycota,c__dothideomyceta,o__Mycosphaerellales,f__Mycosphaerellaceae,g__Cercospora,s__Cercospora_capsici
MH862963.1,k__Eukaryota,p__Ascomycota,c__dothideomyceta,o__Pleosporales,f__Didymellaceae,g__Heterophoma,s__Heterophoma_adonidis
KY752809.1,k__Eukaryota,p__Ascomycota,c__dothideomyceta,o__Cladosporiales,f__Cladosporiaceae,g__Toxicocladosporium,s__Toxicocladosporium_cacti
KP869890.1,k__Eukaryota,p__Ascomycota,c__sordariomyceta,o__Diaporthales,f__Diaporthaceae,g__Diaporthe,s__Diaporthe_vaccinii
MK282209.1,k__Eukaryota,p__Oomycota,c__Stramenopiles,o__Peronosporales,f__Peronosporaceae,g__Phytophthora,s__Phytophthora_aleatoria
OM400545.1,k__Eukaryota,p__Basidiomycota,c__Opisthokonta,o__Polyporales,f__Polyporaceae,g__Trametes,s__Trametes_villosa
MN688821.1,k__Eukaryota,p__Ascomycota,c__dothideomyceta,o__Pleosporales,f__Pleosporaceae,g__Curvularia,s__Curvularia_pseudoprotuberata
MG828960.1,k__Eukaryota,p__Ascomycota,c__sordariomyceta,o__Xylariales,f__Sporocadaceae,g__Sporocadus,s__Sporocadus_rosarum
AY143076.1,k__Eukaryota,p__Ascomycota,c__sordariomyceta,o__Diaporthales,f__Cryphonectriaceae,g__Cryphonectria,s__Cryphonectria_radicalis
MN688827.1,k__Eukaryota,p__Ascomycota,c__dothideomyceta,o__Pleosporales,f__Pleosporaceae,g__Johnalcornia,s__Johnalcornia_aberrans
MG520953.1,k__Eukaryota,p__Ascomycota,c__dothideomyceta,o__Pleosporales,f__Phaeosphaeriaceae,g__Pseudoophiobolus,s__Pseudoophiobolus_subhyalinisporus
HE861854.1,k__Eukaryota,p__Ascomycota,c__dothideomyceta,o__Pleosporales,f__Pleosporaceae,g__Curvularia,s__Curvularia_intermedia
KC584238.1,k__Eukaryota,p__Ascomycota,c__dothideomyceta,o__Pleosporales,f__Pleosporaceae,g__Stemphylium,s__Stemphylium_botryosum
LT217559.1,k__Eukaryota,p__Basidiomycota,c__Opisthokonta,o__Agaricales,f__Schizophyllaceae,g__Schizophyllum,s__Schizophyllum_fasciatum
MG590083.1,k__Eukaryota,p__Ascomycota,c__leotiomyceta,o__Chaetothyriales,f__Herpotrichiellaceae,g__Exophiala,s__Exophiala_xenobiotica
AY743636.1,k__Eukaryota,p__Basidiomycota,c__Opisthokonta,o__Malasseziales,f__Malasseziaceae,g__Malassezia,s__Malassezia_restricta
MG865580.1,k__Eukaryota,p__Oomycota,c__Stramenopiles,o__Peronosporales,f__Peronosporaceae,g__Phytophthora,s__Phytophthora_quininea
MG250188.1,k__Eukaryota,p__Basidiomycota,c__Opisthokonta,o__Agaricales,f__Porotheleaceae,g__Porotheleum,s__Porotheleum_albidum
EU167604.1,k__Eukaryota,p__Ascomycota,c__dothideomyceta,o__Pleosporales,f__Phaeosphaeriaceae,g__Phaeosphaeria,s__Phaeosphaeria_rousseliana
HQ179667.1,k__Eukaryota,p__Basidiomycota,c__Opisthokonta,o__Agaricales,f__Porotheleaceae,g__Pulverulina,s__Pulverulina_ulmicola
AB255605.1,k__Eukaryota,p__Ascomycota,c__sordariomyceta,o__Hypocreales,f__Clavicipitaceae,g__Claviceps,s__Claviceps_panicoidearum
KU999072.1,k__Eukaryota,p__Ascomycota,c__dothideomyceta,o__Pleosporales,f__Phaeosphaeriaceae,g__Paraphoma,s__Paraphoma_chlamydocopiosa
KC193586.1,k__Eukaryota,p__Ascomycota,c__dothideomyceta,o__Botryosphaeriales,f__Phyllostictaceae,g__Phyllosticta,s__Phyllosticta_ampelicida
KX306761.1,k__Eukaryota,p__Ascomycota,c__dothideomyceta,o__Pleosporales,f__Phaeosphaeriaceae,g__Muriphaeosphaeria,s__Muriphaeosphaeria_viburni
KP794093.1,k__Eukaryota,p__Ascomycota,c__dothideomyceta,o__Cladosporiales,f__Cladosporiaceae,g__Cladosporium,s__Cladosporium_sphaerospermum
KF251167.1,k__Eukaryota,p__Ascomycota,c__dothideomyceta,o__Pleosporales,f__Phaeosphaeriaceae,g__Paraphoma,s__Paraphoma_dioscoreae
AJ244276.1,k__Eukaryota,p__Ascomycota,c__dothideomyceta,o__Dothideales,f__Dothioraceae,g__Pringsheimia,s__Pringsheimia_euphorbiae
MT231699.1,k__Eukaryota,p__Ascomycota,c__sordariomyceta,o__Helotiales,f__Lachnaceae,g__Lachnum,s__Lachnum_imbecille
KX833595.1,k__Eukaryota,p__Ascomycota,c__sordariomyceta,o__Diaporthales,f__Schizoparmaceae,g__Coniella,s__Coniella_quercicola
KX833535.1,k__Eukaryota,p__Ascomycota,c__sordariomyceta,o__Diaporthales,f__Schizoparmaceae,g__Coniella,s__Coniella_erumpens
MF190146.1,k__Eukaryota,p__Ascomycota,c__sordariomyceta,o__Diaporthales,f__Schizoparmaceae,g__Coniella,s__Coniella_pseudokoreana
EF600943.1,k__Eukaryota,p__Ascomycota,c__dothideomyceta,o__Myriangiales,f__Elsinoaceae,g__Sphaceloma,s__Sphaceloma_araliae
KX887253.1,k__Eukaryota,p__Ascomycota,c__dothideomyceta,o__Myriangiales,f__Elsinoaceae,g__Elsinoe,s__Elsinoe_menthae
KX887280.1,k__Eukaryota,p__Ascomycota,c__dothideomyceta,o__Myriangiales,f__Elsinoaceae,g__Elsinoe,s__Elsinoe_rhois
KX887209.1,k__Eukaryota,p__Ascomycota,c__dothideomyceta,o__Myriangiales,f__Elsinoaceae,g__Elsinoe,s__Elsinoe_coryli
MG682082.1,k__Eukaryota,p__Ascomycota,c__sordariomyceta,o__Diaporthales,f__Pseudomelanconidaceae,g__Pseudomelanconis,s__Pseudomelanconis_caryae
KX887199.1,k__Eukaryota,p__Ascomycota,c__dothideomyceta,o__Myriangiales,f__Elsinoaceae,g__Elsinoe,s__Elsinoe_banksiicola
FR748048.1,k__Eukaryota,p__Ascomycota,c__sordariomyceta,o__Diaporthales,f__Diaporthaceae,g__Stenocarpella,s__Stenocarpella_macrospora
EF661223.1,k__Eukaryota,p__Ascomycota,c__leotiomyceta,o__Eurotiales,f__Aspergillaceae,g__Aspergillus,s__Aspergillus_funiculosus
JN943491.1,k__Eukaryota,p__Ascomycota,c__dothideomyceta,o__Myriangiales,f__Elsinoaceae,g__Elsinoe,s__Elsinoe_bidentis
MT223840.1,k__Eukaryota,p__Ascomycota,c__dothideomyceta,o__Mycosphaerellales,f__Mycosphaerellaceae,g__Sphaerulina,s__Sphaerulina_neoaceris
KJ775443.1,k__Eukaryota,p__Ascomycota,c__leotiomyceta,o__Eurotiales,f__Aspergillaceae,g__Aspergillus,s__Aspergillus_occultus
KC773833.1,k__Eukaryota,p__Ascomycota,c__leotiomyceta,o__Eurotiales,f__Aspergillaceae,g__Penicillium,s__Penicillium_arianeae
HQ442346.1,k__Eukaryota,p__Ascomycota,c__leotiomyceta,o__Eurotiales,f__Aspergillaceae,g__Penicillium,s__Penicillium_paneum
GU981605.1,k__Eukaryota,p__Ascomycota,c__leotiomyceta,o__Eurotiales,f__Aspergillaceae,g__Penicillium,s__Penicillium_meloforme
KP900991.1,k__Eukaryota,p__Ascomycota,c__leotiomyceta,o__Eurotiales,f__Aspergillaceae,g__Penicillium,s__Penicillium_mali-pumilae
AF454082.1,k__Eukaryota,p__Ascomycota,c__leotiomyceta,o__Eurotiales,f__Aspergillaceae,g__Thysanophora,s__Thysanophora_penicillioides
MT919120.1,k__Eukaryota,p__Ascomycota,c__leotiomyceta,o__Eurotiales,f__Aspergillaceae,g__Penicillium,s__Penicillium_aethiopicum
MK450726.1,k__Eukaryota,p__Ascomycota,c__leotiomyceta,o__Eurotiales,f__Aspergillaceae,g__Penicillium,s__Penicillium_alfredii
KU363732.1,k__Eukaryota,p__Ascomycota,c__leotiomyceta,o__Eurotiales,f__Aspergillaceae,g__Penicillium,s__Penicillium_verrucosum
KJ869140.1,k__Eukaryota,p__Ascomycota,c__dothideomyceta,o__Mycosphaerellales,f__Mycosphaerellaceae,g__Cercosporella,s__Cercosporella_dolichandrae
GU291797.1,k__Eukaryota,p__Ascomycota,c__sordariomyceta,o__Helotiales,f__unidentified,g__Crucellisporium,s__Crucellisporium_umtamvunae
MN906214.1,k__Eukaryota,p__Ascomycota,c__sordariomyceta,o__Helotiales,f__Cenangiaceae,g__Chlorencoelia,s__Chlorencoelia_versiformis
AF398459.1,k__Eukaryota,p__Basidiomycota,c__Opisthokonta,o__Tilletiales,f__Tilletiaceae,g__Tilletia,s__Tilletia_holci
MK096312.1,k__Eukaryota,p__Ascomycota,c__sordariomyceta,o__Diaporthales,f__Melanconiellaceae,g__Melanconiella,s__Melanconiella_betulicola
KR859086.1,k__Eukaryota,p__Ascomycota,c__sordariomyceta,o__Helotiales,f__Dermateaceae,g__Neofabraea,s__Neofabraea_malicorticis
MH487549.1,k__Eukaryota,p__Ascomycota,c__sordariomyceta,o__Helotiales,f__Hyaloscyphaceae,g__Hyaloscypha,s__Hyaloscypha_albohyalina
MG971803.1,k__Eukaryota,p__Ascomycota,c__sordariomyceta,o__Diaporthales,f__Valsaceae,g__Cytospora,s__Cytospora_pistaciae
MG591878.1,k__Eukaryota,p__Ascomycota,c__sordariomyceta,o__Diaporthales,f__Tubakiaceae,g__Tubakia,s__Tubakia_dryinoides
MH514027.1,k__Eukaryota,p__Ascomycota,c__sordariomyceta,o__Diaporthales,f__Cryphonectriaceae,g__Endothia,s__Endothia_chinensis
MH862427.1,k__Eukaryota,p__Ascomycota,c__dothideomyceta,o__Pleosporales,f__Pleosporaceae,g__Exserohilum,s__Exserohilum_antillanum
AY339317.1,k__Eukaryota,p__Ascomycota,c__sordariomyceta,o__Diaporthales,f__Schizoparmaceae,g__Coniella,s__Coniella_fragariae
MW722992.1,k__Eukaryota,p__Ascomycota,c__sordariomyceta,o__Diaporthales,f__Diaporthaceae,g__Diaporthe,s__Diaporthe_cercidis
KX833588.1,k__Eukaryota,p__Ascomycota,c__sordariomyceta,o__Diaporthales,f__Schizoparmaceae,g__Coniella,s__Coniella_malaysiana
KU866604.1,k__Eukaryota,p__Ascomycota,c__leotiomyceta,o__Eurotiales,f__Aspergillaceae,g__Aspergillus,s__Aspergillus_mulundensis
KR870853.1,k__Eukaryota,p__Ascomycota,c__sordariomyceta,o__Diaporthales,f__Diaporthaceae,g__Diaporthe,s__Diaporthe_angelicae
MG866025.1,k__Eukaryota,p__Ascomycota,c__sordariomyceta,o__Diaporthales,f__Cryphonectriaceae,g__Cryphonectria,s__Cryphonectria_quercus
KX239841.1,k__Eukaryota,p__Ascomycota,c__saccharomyceta,o__Pezizales,f__Helvellaceae,g__Helvella,s__Helvella_floriforma
JN383482.1,k__Eukaryota,p__Ascomycota,c__dothideomyceta,o__Pleosporales,f__Pleosporaceae,g__Alternaria,s__Alternaria_cetera
KY924929.1,k__Eukaryota,p__Ascomycota,c__sordariomyceta,o__Diaporthales,f__Schizoparmaceae,g__Coniella,s__Coniella_duckerae
MG591901.1,k__Eukaryota,p__Ascomycota,c__sordariomyceta,o__Diaporthales,f__Tubakiaceae,g__Involutiscutellula,s__Involutiscutellula_rubra
KY051832.1,k__Eukaryota,p__Ascomycota,c__sordariomyceta,o__Diaporthales,f__Valsaceae,g__Cytospora,s__Cytospora_valsoidea
KC843311.1,k__Eukaryota,p__Ascomycota,c__sordariomyceta,o__Diaporthales,f__Diaporthaceae,g__Diaporthe,s__Diaporthe_citri
MW709918.1,k__Eukaryota,p__Basidiomycota,c__Opisthokonta,o__Tremellales,f__Bulleraceae,g__Bullera,s__Bullera_alba
EF447381.2,k__Eukaryota,p__Ascomycota,c__sordariomyceta,o__Diaporthales,f__Valsaceae,g__Cytospora,s__Cytospora_pruinosa
MW144762.1,k__Eukaryota,p__Ascomycota,c__sordariomyceta,o__Diaporthales,f__Coryneaceae,g__Coryneum,s__Coryneum_fagineum
KX858631.1,k__Eukaryota,p__Ascomycota,c__sordariomyceta,o__Helotiales,f__Tricladiaceae,g__Tricladium,s__Tricladium_angulatum
MK995628.1,k__Eukaryota,p__Ascomycota,c__dothideomyceta,o__Pleosporales,f__Pleosporaceae,g__Curvularia,s__Curvularia_verruculosa
MW031265.1,k__Eukaryota,p__Ascomycota,c__sordariomyceta,o__Diaporthales,f__Diaporthaceae,g__Diaporthe,s__Diaporthe_biconispora
KC343172.1,k__Eukaryota,p__Ascomycota,c__sordariomyceta,o__Diaporthales,f__Diaporthaceae,g__Diaporthe,s__Diaporthe_perjuncta
KY242705.1,k__Eukaryota,p__Ascomycota,c__sordariomyceta,o__Glomerellales,f__Glomerellaceae,g__Colletotrichum,s__Colletotrichum_hainanense
KJ590728.1,k__Eukaryota,p__Ascomycota,c__sordariomyceta,o__Diaporthales,f__Diaporthaceae,g__Diaporthe,s__Diaporthe_longicolla
KP896056.1,k__Eukaryota,p__Ascomycota,c__dothideomyceta,o__Mycosphaerellales,f__Mycosphaerellaceae,g__Zasmidium,s__Zasmidium_fructigenum
MT385947.1,k__Eukaryota,p__Ascomycota,c__sordariomyceta,o__Diaporthales,f__Diaporthaceae,g__Diaporthe,s__Diaporthe_constrictospora
MT185530.1,k__Eukaryota,p__Ascomycota,c__sordariomyceta,o__Helotiales,f__Dermateaceae,g__Neodermea,s__Neodermea_rossica
GU214649.1,k__Eukaryota,p__Ascomycota,c__dothideomyceta,o__Capnodiales,f__Capnodiaceae,g__Polychaeton,s__Polychaeton_citri
JF704194.1,k__Eukaryota,p__Ascomycota,c__sordariomyceta,o__Diaporthales,f__Tubakiaceae,g__Tubakia,s__Tubakia_iowensis
KJ490624.1,k__Eukaryota,p__Ascomycota,c__sordariomyceta,o__Diaporthales,f__Diaporthaceae,g__Diaporthe,s__Diaporthe_discoidispora
MH327805.1,k__Eukaryota,p__Ascomycota,c__sordariomyceta,o__Helotiales,f__Neolauriomycetaceae,g__Neolauriomyces,s__Neolauriomyces_eucalypti
KC343008.1,k__Eukaryota,p__Ascomycota,c__sordariomyceta,o__Diaporthales,f__Diaporthaceae,g__Diaporthe,s__Diaporthe_alnea
LT158447.1,k__Eukaryota,p__Ascomycota,c__sordariomyceta,o__Helotiales,f__Rutstroemiaceae,g__Rutstroemia,s__Rutstroemia_sydowiana
KU821457.1,k__Eukaryota,p__Ascomycota,c__sordariomyceta,o__Diaporthales,f__Diaporthaceae,g__Diaporthe,s__Diaporthe_phoenicicola
KF495033.1,k__Eukaryota,p__Ascomycota,c__sordariomyceta,o__Diaporthales,f__Cryphonectriaceae,g__Aurantioporthe,s__Aurantioporthe_corni
AY271808.1,k__Eukaryota,p__Ascomycota,c__sordariomyceta,o__Diaporthales,f__Melanconiellaceae,g__Microascospora,s__Microascospora_fragariae
KY940797.1,k__Eukaryota,p__Ascomycota,c__sordariomyceta,o__Diaporthales,f__Diaporthaceae,g__Stenocarpella,s__Stenocarpella_maydis
MG605063.1,k__Eukaryota,p__Ascomycota,c__sordariomyceta,o__Diaporthales,f__Tubakiaceae,g__Tubakia,s__Tubakia_americana
EU301056.1,k__Eukaryota,p__Ascomycota,c__sordariomyceta,o__Diaporthales,f__Valsaceae,g__Valsa,s__Valsa_fabianae
JQ281774.1,k__Eukaryota,p__Ascomycota,c__sordariomyceta,o__Diaporthales,f__Schizoparmaceae,g__Coniella,s__Coniella_tibouchinae
KU821458.1,k__Eukaryota,p__Ascomycota,c__sordariomyceta,o__Diaporthales,f__Diaporthaceae,g__Diaporthe,s__Diaporthe_macintoshii
HG931724.1,k__Eukaryota,p__Ascomycota,c__dothideomyceta,o__Pleosporales,f__Pleosporaceae,g__Stemphylium,s__Stemphylium_globuliferum
JQ435796.1,k__Eukaryota,p__Ascomycota,c__dothideomyceta,o__Pleosporales,f__Trematosphaeriaceae,g__Trematosphaeria,s__Trematosphaeria_hydrela
JX519217.1,k__Eukaryota,p__Ascomycota,c__sordariomyceta,o__Glomerellales,f__Glomerellaceae,g__Colletotrichum,s__Colletotrichum_hanaui
KX986764.1,k__Eukaryota,p__Ascomycota,c__sordariomyceta,o__Diaporthales,f__Diaporthaceae,g__Diaporthe,s__Diaporthe_acutispora
KT459414.1,k__Eukaryota,p__Ascomycota,c__sordariomyceta,o__Diaporthales,f__Diaporthaceae,g__Diaporthe,s__Diaporthe_aseana
JX977151.1,k__Eukaryota,p__Ascomycota,c__sordariomyceta,o__Helotiales,f__Helotiaceae,g__Hymenoscyphus,s__Hymenoscyphus_microserotinus
MW114348.1,k__Eukaryota,p__Ascomycota,c__sordariomyceta,o__Diaporthales,f__Diaporthaceae,g__Diaporthe,s__Diaporthe_fici-septicae
KP965485.1,k__Eukaryota,p__Ascomycota,c__dothideomyceta,o__Dothideales,f__Saccotheciaceae,g__Aureobasidium,s__Aureobasidium_thailandense
JX438614.1,k__Eukaryota,p__Ascomycota,c__sordariomyceta,o__Diaporthales,f__Valsaceae,g__Valsa,s__Valsa_diatrypoides
AB546953.1,k__Eukaryota,p__Ascomycota,c__sordariomyceta,o__Helotiales,f__Hyphodiscaceae,g__Hyphodiscus,s__Hyphodiscus_theiodeus
MK540000.1,k__Eukaryota,p__Ascomycota,c__dothideomyceta,o__Pleosporales,f__Pleosporaceae,g__Pyrenophora,s__Pyrenophora_pseudoerythrospila
MZ520785.1,k__Eukaryota,p__Ascomycota,c__sordariomyceta,o__Helotiales,f__Hyaloscyphaceae,g__Hyaloscypha,s__Hyaloscypha_gryndleri
MT658095.1,k__Eukaryota,p__Ascomycota,c__sordariomyceta,o__Diaporthales,f__Diaporthaceae,g__Diaporthe,s__Diaporthe_phaseolorum
KJ490582.1,k__Eukaryota,p__Ascomycota,c__sordariomyceta,o__Diaporthales,f__Diaporthaceae,g__Diaporthe,s__Diaporthe_biguttulata
MT199633.1,k__Eukaryota,p__Ascomycota,c__sordariomyceta,o__Glomerellales,f__Glomerellaceae,g__Colletotrichum,s__Colletotrichum_guangxiense
KP744447.1,k__Eukaryota,p__Ascomycota,c__dothideomyceta,o__Pleosporales,f__Parabambusicolaceae,g__Multiseptospora,s__Multiseptospora_thailandica
MT177932.1,k__Eukaryota,p__Ascomycota,c__sordariomyceta,o__Diaporthales,f__Valsaceae,g__Cytospora,s__Cytospora_phialidica
KC343135.1,k__Eukaryota,p__Ascomycota,c__sordariomyceta,o__Diaporthales,f__Diaporthaceae,g__Diaporthe,s__Diaporthe_longispora
MH865223.1,k__Eukaryota,p__Ascomycota,c__sordariomyceta,o__Diaporthales,f__Cryphonectriaceae,g__Cryphonectria,s__Cryphonectria_naterciae
KY979772.1,k__Eukaryota,p__Ascomycota,c__sordariomyceta,o__Diaporthales,f__unidentified,g__Foliocryphia,s__Foliocryphia_eucalyptorum
KX887229.1,k__Eukaryota,p__Ascomycota,c__dothideomyceta,o__Myriangiales,f__Elsinoaceae,g__Elsinoe,s__Elsinoe_glycines
JN033448.1,k__Eukaryota,p__Ascomycota,c__sordariomyceta,o__Helotiales,f__Hyaloscyphaceae,g__Hyphopeziza,s__Hyphopeziza_pygmaea
LC275192.1,k__Eukaryota,p__Ascomycota,c__sordariomyceta,o__Diaporthales,f__Diaporthaceae,g__Diaporthe,s__Diaporthe_toxicodendri
KC343154.1,k__Eukaryota,p__Ascomycota,c__sordariomyceta,o__Diaporthales,f__Diaporthaceae,g__Diaporthe,s__Diaporthe_nomurai
MG281015.1,k__Eukaryota,p__Ascomycota,c__sordariomyceta,o__Diaporthales,f__Diaporthaceae,g__Diaporthe,s__Diaporthe_bohemiae
MK733257.1,k__Eukaryota,p__Ascomycota,c__sordariomyceta,o__Diaporthales,f__Diaporthaceae,g__Diaporthe,s__Diaporthe_paranensis
FR748036.1,k__Eukaryota,p__Ascomycota,c__sordariomyceta,o__Diaporthales,f__Diaporthaceae,g__Phaeocytostroma,s__Phaeocytostroma_ambiguum
EU167597.1,k__Eukaryota,p__Ascomycota,c__dothideomyceta,o__Mycosphaerellales,f__Mycosphaerellaceae,g__Mycosphaerella,s__Mycosphaerella_flageoletiana
MN152927.1,k__Eukaryota,p__Ascomycota,c__sordariomyceta,o__Diaporthales,f__Diaporthaceae,g__Diaporthe,s__Diaporthe_humulicola
KX212331.1,k__Eukaryota,p__Ascomycota,c__dothideomyceta,o__Mycosphaerellales,f__Mycosphaerellaceae,g__Pseudocercospora,s__Pseudocercospora_ocimi-basilici
KC343115.1,k__Eukaryota,p__Ascomycota,c__sordariomyceta,o__Diaporthales,f__Diaporthaceae,g__Diaporthe,s__Diaporthe_helianthi
AJ244251.1,k__Eukaryota,p__Ascomycota,c__dothideomyceta,o__Dothideales,f__Saccotheciaceae,g__Aureobasidium,s__Aureobasidium_caulivorum
KX622646.1,k__Eukaryota,p__Basidiomycota,c__Opisthokonta,o__Tilletiales,f__Tilletiaceae,g__Tilletia,s__Tilletia_trachypogonis
KJ728757.1,k__Eukaryota,p__Basidiomycota,c__Opisthokonta,o__Tilletiales,f__Tilletiaceae,g__Tilletia,s__Tilletia_ehrhartae
MG591897.1,k__Eukaryota,p__Ascomycota,c__sordariomyceta,o__Diaporthales,f__Tubakiaceae,g__Tubakia,s__Tubakia_oblongispora
MG682089.1,k__Eukaryota,p__Ascomycota,c__sordariomyceta,o__Diaporthales,f__Synnemasporellaceae,g__Synnemasporella,s__Synnemasporella_toxicodendri
MK799946.1,k__Eukaryota,p__Ascomycota,c__sordariomyceta,o__Diaporthales,f__Coryneaceae,g__Coryneum,s__Coryneum_songshanense
MN192171.1,k__Eukaryota,p__Ascomycota,c__sordariomyceta,o__Diaporthales,f__Melanconiellaceae,g__Melanconiella,s__Melanconiella_ellisii
MT462296.1,k__Eukaryota,p__Ascomycota,c__sordariomyceta,o__Erysiphales,f__Erysiphaceae,g__Blumeria,s__Blumeria_graminis
MK047453.1,k__Eukaryota,p__Ascomycota,c__dothideomyceta,o__Cladosporiales,f__Cladosporiaceae,g__Rachicladosporium,s__Rachicladosporium_corymbiae
KP170659.1,k__Eukaryota,p__Ascomycota,c__dothideomyceta,o__Pleosporales,f__Leptosphaeriaceae,g__Sphaerellopsis,s__Sphaerellopsis_macroconidialis
MT310606.1,k__Eukaryota,p__Ascomycota,c__dothideomyceta,o__Pleosporales,f__Lophiostomataceae,g__Neovaginatispora,s__Neovaginatispora_clematidis
LT558704.1,k__Eukaryota,p__Ascomycota,c__leotiomyceta,o__Chaetothyriales,f__Trichomeriaceae,g__Bradymyces,s__Bradymyces_graniticola
MH857371.1,k__Eukaryota,p__Ascomycota,c__dothideomyceta,o__Pleosporales,f__Pleosporaceae,g__Pyrenophora,s__Pyrenophora_trichostoma
MW016403.1,k__Eukaryota,p__Ascomycota,c__sordariomyceta,o__Hypocreales,f__Nectriaceae,g__Fusarium,s__Fusarium_bambusarum
GU237731.1,k__Eukaryota,p__Ascomycota,c__dothideomyceta,o__Pleosporales,f__Didymellaceae,g__Epicoccum,s__Epicoccum_henningsii
MF951385.1,k__Eukaryota,p__Ascomycota,c__dothideomyceta,o__Mycosphaerellales,f__Mycosphaerellaceae,g__Ramulispora,s__Ramulispora_sorghi
MH474349.1,k__Eukaryota,p__Ascomycota,c__dothideomyceta,o__Pleosporales,f__Phaeosphaeriaceae,g__Phaeosphaeria,s__Phaeosphaeria_ammophilae
MG865492.1,k__Eukaryota,p__Oomycota,c__Stramenopiles,o__Peronosporales,f__Peronosporaceae,g__Phytophthora,s__Phytophthora_foliorum
LT158431.1,k__Eukaryota,p__Ascomycota,c__sordariomyceta,o__Helotiales,f__Rutstroemiaceae,g__Rutstroemia,s__Rutstroemia_luteovirescens
MT185538.1,k__Eukaryota,p__Ascomycota,c__dothideomyceta,o__Pleosporales,f__Neopyrenochaetaceae,g__Neopyrenochaeta,s__Neopyrenochaeta_annellidica
MG783385.1,k__Eukaryota,p__Oomycota,c__Stramenopiles,o__Peronosporales,f__Peronosporaceae,g__Phytophthora,s__Phytophthora_cactorum
KY929151.1,k__Eukaryota,p__Ascomycota,c__dothideomyceta,o__Pleosporales,f__Coniothyriaceae,g__Hazslinszkyomyces,s__Hazslinszkyomyces_lycii
MK511931.1,k__Eukaryota,p__Ascomycota,c__dothideomyceta,o__Pleosporales,f__Phaeosphaeriaceae,g__Setophoma,s__Setophoma_endophytica
