OTU	Domain	Phylum	Class	Order	Family	Genus	Species
KJ718158.1	k__Eukaryota	p__Ascomycota	c__dothideomyceta	o__Pleosporales	f__Pleosporaceae	g__Alternaria	s__Alternaria_dauci
MH860044.1	k__Eukaryota	p__Ascomycota	c__sordariomyceta	o__Helotiales	f__Sclerotiniaceae	g__Botrytis	s__Botrytis_cinerea
KX887186.1	k__Eukaryota	p__Ascomycota	c__dothideomyceta	o__Myriangiales	f__Elsinoaceae	g__Elsinoe	s__Elsinoe_ampelina
JN906978.1	k__Eukaryota	p__Ascomycota	c__dothideomyceta	o__Cladosporiales	f__Cladosporiaceae	g__Cladosporium	s__Cladosporium_aphidis
MN944491.1	k__Eukaryota	p__Ascomycota	c__sordariomyceta	o__Helotiales	f__Sclerotiniaceae	g__Sclerotinia	s__Sclerotinia_trifoliorum
MW138779.1	k__Eukaryota	p__Ascomycota	c__sordariomyceta	o__Helotiales	f__Sclerotiniaceae	g__Sclerotinia	s__Sclerotinia_sclerotiorum
MW633475.1	k__Eukaryota	p__Ascomycota	c__dothideomyceta	o__Cladosporiales	f__Cladosporiaceae	g__Cladosporium	s__Cladosporium_herbarum
MH856176.1	k__Eukaryota	p__Ascomycota	c__sordariomyceta	o__Helotiales	f__Sclerotiniaceae	g__Botrytis	s__Botrytis_squamosa
KF564282.1	k__Eukaryota	p__Ascomycota	c__sordariomyceta	o__Diaporthales	f__Melanconiellaceae	g__Greeneria	s__Greeneria_uvicola
MK096312.1	k__Eukaryota	p__Ascomycota	c__sordariomyceta	o__Diaporthales	f__Melanconiellaceae	g__Melanconiella	s__Melanconiella_betulicola
GU727560.1	k__Eukaryota	p__Ascomycota	c__sordariomyceta	o__Helotiales	f__Hyphodiscaceae	g__Hyphodiscus	s__Hyphodiscus_luxurians
MH862886.1	k__Eukaryota	p__Ascomycota	c__sordariomyceta	o__Diaporthales	f__Schizoparmaceae	g__Coniella	s__Coniella_diplodiella
MH866022.1	k__Eukaryota	p__Ascomycota	c__sordariomyceta	o__Hypocreales	f__Nectriaceae	g__Fusarium	s__Fusarium_oxysporum
MZ424694.1	k__Eukaryota	p__Ascomycota	c__sordariomyceta	o__Glomerellales	f__Glomerellaceae	g__Colletotrichum	s__Colletotrichum_acutatum
MT586827.1	k__Eukaryota	p__Ascomycota	c__dothideomyceta	o__Mycosphaerellales	f__Mycosphaerellaceae	g__Neocercospora	s__Neocercospora_carotae
MW031265.1	k__Eukaryota	p__Ascomycota	c__sordariomyceta	o__Diaporthales	f__Diaporthaceae	g__Diaporthe	s__Diaporthe_biconispora
GU237833.1	k__Eukaryota	p__Ascomycota	c__dothideomyceta	o__Pleosporales	f__Didymellaceae	g__Didymella	s__Didymella_arachidicola
LC228670.1	k__Eukaryota	p__Ascomycota	c__sordariomyceta	o__Helotiales	f__Sclerotiniaceae	g__Nervostroma	s__Nervostroma_depraedans
Z99672.1	k__Eukaryota	p__Ascomycota	c__sordariomyceta	o__Helotiales	f__Sclerotiniaceae	g__Sclerotinia	s__Sclerotinia_tetraspora
MH487549.1	k__Eukaryota	p__Ascomycota	c__sordariomyceta	o__Helotiales	f__Hyaloscyphaceae	g__Hyaloscypha	s__Hyaloscypha_albohyalina
KJ707062.1	k__Eukaryota	p__Basidiomycota	c__Opisthokonta	o__Filobasidiales	f__Filobasidiaceae	g__Filobasidium	s__Filobasidium_magnum
MK404325.1	k__Eukaryota	p__Basidiomycota	c__Opisthokonta	o__Agaricales	f__Cystostereaceae	g__Crustomyces	s__Crustomyces_albidus
OL989249.1	k__Eukaryota	p__Ascomycota	c__sordariomyceta	o__Hypocreales	f__Nectriaceae	g__Fusarium	s__Fusarium_pseudoanthophilum
MK817036.1	k__Eukaryota	p__Ascomycota	c__sordariomyceta	o__Diaporthales	f__Diaporthaceae	g__Diaporthe	s__Diaporthe_ampelina
HM004513.1	k__Eukaryota	p__Oomycota	c__Stramenopiles	o__Peronosporales	f__Peronosporaceae	g__Plasmopara	s__Plasmopara_nivea
JN383493.1	k__Eukaryota	p__Ascomycota	c__dothideomyceta	o__Pleosporales	f__Pleosporaceae	g__Alternaria	s__Alternaria_phragmospora
MW173048.1	k__Eukaryota	p__Ascomycota	c__sordariomyceta	o__Hypocreales	f__Nectriaceae	g__Fusarium	s__[Neocosmospora]_citricola
MW710688.1	k__Eukaryota	p__Basidiomycota	c__Opisthokonta	o__Tremellales	f__Bulleribasidiaceae	g__Vishniacozyma	s__Vishniacozyma_carnescens
MH854739.1	k__Eukaryota	p__Ascomycota	c__sordariomyceta	o__Helotiales	f__Sclerotiniaceae	g__Botrytis	s__Botrytis_byssoidea
AB546953.1	k__Eukaryota	p__Ascomycota	c__sordariomyceta	o__Helotiales	f__Hyphodiscaceae	g__Hyphodiscus	s__Hyphodiscus_theiodeus
AY143076.1	k__Eukaryota	p__Ascomycota	c__sordariomyceta	o__Diaporthales	f__Cryphonectriaceae	g__Cryphonectria	s__Cryphonectria_radicalis
MW722992.1	k__Eukaryota	p__Ascomycota	c__sordariomyceta	o__Diaporthales	f__Diaporthaceae	g__Diaporthe	s__Diaporthe_cercidis
HE608895.1	k__Eukaryota	p__Ascomycota	c__sordariomyceta	o__Hypocreales	f__Hypocreaceae	g__Trichoderma	s__Trichoderma_koningii
FJ266483.1	k__Eukaryota	p__Ascomycota	c__dothideomyceta	o__Pleosporales	f__Pleosporaceae	g__Alternaria	s__Alternaria_cucurbitae
MZ150299.1	k__Eukaryota	p__Ascomycota	c__sordariomyceta	o__Diaporthales	f__Diaporthaceae	g__Diaporthe	s__Diaporthe_ambigua
KR232407.1	k__Eukaryota	p__Ascomycota	c__dothideomyceta	o__Mycosphaerellales	f__Mycosphaerellaceae	g__Neocercospora	s__Neocercospora_ammicola
MG591878.1	k__Eukaryota	p__Ascomycota	c__sordariomyceta	o__Diaporthales	f__Tubakiaceae	g__Tubakia	s__Tubakia_dryinoides
AF347031.1	k__Eukaryota	p__Ascomycota	c__dothideomyceta	o__Pleosporales	f__Pleosporaceae	g__Alternaria	s__Alternaria_alternata
MK953365.1	k__Eukaryota	p__Basidiomycota	c__Opisthokonta	o__Agaricales	f__Pterulaceae	g__Pterulicium	s__Pterulicium_brunneosetosum
MN992240.1	k__Eukaryota	p__Basidiomycota	c__Opisthokonta	o__Russulales	f__Peniophoraceae	g__Peniophora	s__Peniophora_aurantiaca
KU821452.1	k__Eukaryota	p__Ascomycota	c__dothideomyceta	o__Cladosporiales	f__Cladosporiaceae	g__Cladosporium	s__Cladosporium_tenuissimum
MT345006.1	k__Eukaryota	p__Ascomycota	c__sordariomyceta	o__Glomerellales	f__Glomerellaceae	g__Colletotrichum	s__Colletotrichum_godetiae
KT384413.1	k__Eukaryota	p__Ascomycota	c__sordariomyceta	o__Helotiales	f__Lachnaceae	g__Lachnum	s__Lachnum_fusiforme
MT185530.1	k__Eukaryota	p__Ascomycota	c__sordariomyceta	o__Helotiales	f__Dermateaceae	g__Neodermea	s__Neodermea_rossica
MH856435.1	k__Eukaryota	p__Ascomycota	c__sordariomyceta	o__Helotiales	f__Sclerotiniaceae	g__Botrytis	s__Botrytis_porri
AY167436.1	k__Eukaryota	p__Ascomycota	c__sordariomyceta	o__Diaporthales	f__Valsaceae	g__Rostraureum	s__Rostraureum_tropicale
MG605063.1	k__Eukaryota	p__Ascomycota	c__sordariomyceta	o__Diaporthales	f__Tubakiaceae	g__Tubakia	s__Tubakia_americana
U34580.1	k__Eukaryota	p__Ascomycota	c__sordariomyceta	o__Hypocreales	f__Nectriaceae	g__Fusarium	s__Fusarium_concolor
MH869651.1	k__Eukaryota	p__Basidiomycota	c__Opisthokonta	o__Russulales	f__Peniophoraceae	g__Peniophora	s__Peniophora_versicolor
AY339317.1	k__Eukaryota	p__Ascomycota	c__sordariomyceta	o__Diaporthales	f__Schizoparmaceae	g__Coniella	s__Coniella_fragariae
MT446068.1	k__Eukaryota	p__Basidiomycota	c__Opisthokonta	o__Agaricales	f__Psathyrellaceae	g__Coprinopsis	s__Coprinopsis_urticicola
MT185475.1	k__Eukaryota	p__Ascomycota	c__sordariomyceta	o__Hypocreales	f__Nectriaceae	g__Fusarium	s__Fusarium_tricinctum
MG865509.1	k__Eukaryota	p__Oomycota	c__Stramenopiles	o__Peronosporales	f__Peronosporaceae	g__Phytophthora	s__Phytophthora_idaei
AF358233.1	k__Eukaryota	p__Ascomycota	c__sordariomyceta	o__Hypocreales	f__Bionectriaceae	g__Clonostachys	s__Clonostachys_rosea
MH855943.1	k__Eukaryota	p__Ascomycota	c__dothideomyceta	o__Pleosporales	f__Didymellaceae	g__Epicoccum	s__Epicoccum_nigrum
MG696592.1	k__Eukaryota	p__Ascomycota	c__sordariomyceta	o__Helotiales	f__Lachnaceae	g__Lachnum	s__Lachnum_virgineum
MZ531891.1	k__Eukaryota	p__Ascomycota	c__dothideomyceta	o__Cladosporiales	f__Cladosporiaceae	g__Cladosporium	s__Cladosporium_cladosporioides
MK409349.1	k__Eukaryota	p__Ascomycota	c__sordariomyceta	o__Diaporthales	f__Diaporthaceae	g__Diaporthe	s__Diaporthe_caulivora
KJ941072.1	k__Eukaryota	p__Ascomycota	c__sordariomyceta	o__Helotiales	f__Sclerotiniaceae	g__Myriosclerotinia	s__Myriosclerotinia_curreyana
MW114356.1	k__Eukaryota	p__Ascomycota	c__sordariomyceta	o__Diaporthales	f__Schizoparmaceae	g__Coniella	s__Coniella_fici
MN200199.1	k__Eukaryota	p__Ascomycota	c__dothideomyceta	o__Dothideales	f__Saccotheciaceae	g__Aureobasidium	s__Aureobasidium_pullulans
KY924929.1	k__Eukaryota	p__Ascomycota	c__sordariomyceta	o__Diaporthales	f__Schizoparmaceae	g__Coniella	s__Coniella_duckerae
KF495033.1	k__Eukaryota	p__Ascomycota	c__sordariomyceta	o__Diaporthales	f__Cryphonectriaceae	g__Aurantioporthe	s__Aurantioporthe_corni
JF499850.1	k__Eukaryota	p__Ascomycota	c__dothideomyceta	o__Mycosphaerellales	f__Teratosphaeriaceae	g__Xenophacidiella	s__Xenophacidiella_pseudocatenata
JQ948459.1	k__Eukaryota	p__Ascomycota	c__sordariomyceta	o__Glomerellales	f__Glomerellaceae	g__Colletotrichum	s__Colletotrichum_acerbum
KC343063.1	k__Eukaryota	p__Ascomycota	c__sordariomyceta	o__Diaporthales	f__Diaporthaceae	g__Diaporthe	s__Diaporthe_detrusa
OM283110.1	k__Eukaryota	p__Ascomycota	c__sordariomyceta	o__Diaporthales	f__Schizoparmaceae	g__Coniella	s__Coniella_vitis
KR859086.1	k__Eukaryota	p__Ascomycota	c__sordariomyceta	o__Helotiales	f__Dermateaceae	g__Neofabraea	s__Neofabraea_malicorticis
JQ281774.1	k__Eukaryota	p__Ascomycota	c__sordariomyceta	o__Diaporthales	f__Schizoparmaceae	g__Coniella	s__Coniella_tibouchinae
KX833591.1	k__Eukaryota	p__Ascomycota	c__sordariomyceta	o__Diaporthales	f__Schizoparmaceae	g__Coniella	s__Coniella_paracastaneicola
KT389508.1	k__Eukaryota	p__Ascomycota	c__dothideomyceta	o__Pleosporales	f__Didymellaceae	g__Neoascochyta	s__Neoascochyta_desmazieri
MH859629.1	k__Eukaryota	p__Ascomycota	c__sordariomyceta	o__Hypocreales	f__Sarocladiaceae	g__Sarocladium	s__Sarocladium_strictum
JN886792.1	k__Eukaryota	p__Ascomycota	c__dothideomyceta	o__Dothideales	f__Saccotheciaceae	g__Aureobasidium	s__Aureobasidium_bupleuri
KJ131184.1	k__Eukaryota	p__Ascomycota	c__sordariomyceta	o__Helotiales	f__Sclerotiniaceae	g__Monilinia	s__Monilinia_fructicola
KP278161.1	k__Eukaryota	p__Ascomycota	c__sordariomyceta	o__Helotiales	f__unidentified	g__Leptodophora	s__Leptodophora_orchidicola
MH384910.1	k__Eukaryota	p__Ascomycota	c__sordariomyceta	o__Xylariales	f__Microdochiaceae	g__Microdochium	s__Microdochium_sorghi
MG866025.1	k__Eukaryota	p__Ascomycota	c__sordariomyceta	o__Diaporthales	f__Cryphonectriaceae	g__Cryphonectria	s__Cryphonectria_quercus
MH861018.1	k__Eukaryota	p__Ascomycota	c__sordariomyceta	o__Hypocreales	f__Nectriaceae	g__Fusarium	s__Fusarium_robustum
KJ432575.1	k__Eukaryota	p__Ascomycota	c__sordariomyceta	o__Diaporthales	f__Valsaceae	g__Phomopsis	s__Phomopsis_limonii
MH361212.1	k__Eukaryota	p__Ascomycota	c__sordariomyceta	o__Hypocreales	f__Nectriaceae	g__Fusarium	s__Fusarium_culmorum
LT990655.1	k__Eukaryota	p__Ascomycota	c__sordariomyceta	o__Xylariales	f__Microdochiaceae	g__Microdochium	s__Microdochium_novae-zelandiae
MK876413.1	k__Eukaryota	p__Ascomycota	c__sordariomyceta	o__Glomerellales	f__Glomerellaceae	g__Colletotrichum	s__Colletotrichum_feijoicola
GU214638.1	k__Eukaryota	p__Ascomycota	c__dothideomyceta	o__Cladosporiales	f__Cladosporiaceae	g__Melanodothis	s__Melanodothis_caricis
EU301056.1	k__Eukaryota	p__Ascomycota	c__sordariomyceta	o__Diaporthales	f__Valsaceae	g__Valsa	s__Valsa_fabianae
KF499365.1	k__Eukaryota	p__Ascomycota	c__sordariomyceta	o__Helotiales	f__Rutstroemiaceae	g__Lambertella	s__Lambertella_palmeri
KJ710467.1	k__Eukaryota	p__Ascomycota	c__sordariomyceta	o__Phacidiales	f__Helicogoniaceae	g__Eleutheromyces	s__Eleutheromyces_pseudosubulatus
KP004456.1	k__Eukaryota	p__Ascomycota	c__dothideomyceta	o__Mycosphaerellales	f__Mycosphaerellaceae	g__Sphaerulina	s__Sphaerulina_pelargonii
JN383482.1	k__Eukaryota	p__Ascomycota	c__dothideomyceta	o__Pleosporales	f__Pleosporaceae	g__Alternaria	s__Alternaria_cetera
KM265189.1	k__Eukaryota	p__Ascomycota	c__sordariomyceta	o__Helotiales	f__Sclerotiniaceae	g__Sclerotinia	s__Sclerotinia_nivalis
MF952667.1	k__Eukaryota	p__Ascomycota	c__sordariomyceta	o__Hypocreales	f__Hypocreaceae	g__Trichoderma	s__Trichoderma_atroviride
MH018134.1	k__Eukaryota	p__Ascomycota	c__dothideomyceta	o__Pleosporales	f__Phaeosphaeriaceae	g__Neosetophoma	s__Neosetophoma_guiyangensis
MH858205.1	k__Eukaryota	p__Basidiomycota	c__Opisthokonta	o__Russulales	f__Peniophoraceae	g__Peniophora	s__Peniophora_tamaricicola
MK894584.1	k__Eukaryota	p__Ascomycota	c__sordariomyceta	o__Helotiales	f__Sclerotiniaceae	g__Stromatinia	s__Stromatinia_cepivora
MG826989.1	k__Eukaryota	p__Ascomycota	c__sordariomyceta	o__Hypocreales	f__Niessliaceae	g__Niesslia	s__Niesslia_mucida
MT441588.1	k__Eukaryota	p__Ascomycota	c__sordariomyceta	o__Hypocreales	f__Nectriaceae	g__Fusarium	s__Fusarium_sambucinum
MF795575.1	k__Eukaryota	p__Basidiomycota	c__Opisthokonta	o__Polyporales	f__Fomitopsidaceae	g__Fomitopsis	s__Fomitopsis_pinicola
KF941308.1	k__Eukaryota	p__Ascomycota	c__dothideomyceta	o__Mycosphaerellales	f__Mycosphaerellaceae	g__Cercospora	s__Cercospora_carotae
KY696717.1	k__Eukaryota	p__Ascomycota	c__sordariomyceta	o__Helotiales	f__Sclerotiniaceae	g__Mycopappus	s__Mycopappus_alni
MF164487.1	k__Eukaryota	p__Ascomycota	c__sordariomyceta	o__Hypocreales	f__Nectriaceae	g__Fusarium	s__Fusarium_graminearum
MT658095.1	k__Eukaryota	p__Ascomycota	c__sordariomyceta	o__Diaporthales	f__Diaporthaceae	g__Diaporthe	s__Diaporthe_phaseolorum
JN033448.1	k__Eukaryota	p__Ascomycota	c__sordariomyceta	o__Helotiales	f__Hyaloscyphaceae	g__Hyphopeziza	s__Hyphopeziza_pygmaea
KC343059.1	k__Eukaryota	p__Ascomycota	c__sordariomyceta	o__Diaporthales	f__Diaporthaceae	g__Diaporthe	s__Diaporthe_decedens
FJ150872.1	k__Eukaryota	p__Ascomycota	c__dothideomyceta	o__Dothideales	f__unidentified	g__Selenophoma	s__Selenophoma_mahoniae
KC343056.1	k__Eukaryota	p__Ascomycota	c__sordariomyceta	o__Diaporthales	f__Diaporthaceae	g__Diaporthe	s__Diaporthe_crotalariae
GU291797.1	k__Eukaryota	p__Ascomycota	c__sordariomyceta	o__Helotiales	f__unidentified	g__Crucellisporium	s__Crucellisporium_umtamvunae
KY263783.1	k__Eukaryota	p__Ascomycota	c__sordariomyceta	o__Glomerellales	f__Glomerellaceae	g__Colletotrichum	s__Colletotrichum_sydowii
MH514027.1	k__Eukaryota	p__Ascomycota	c__sordariomyceta	o__Diaporthales	f__Cryphonectriaceae	g__Endothia	s__Endothia_chinensis
KJ490633.1	k__Eukaryota	p__Ascomycota	c__sordariomyceta	o__Diaporthales	f__Diaporthaceae	g__Diaporthe	s__Diaporthe_multigutullata
MG971803.1	k__Eukaryota	p__Ascomycota	c__sordariomyceta	o__Diaporthales	f__Valsaceae	g__Cytospora	s__Cytospora_pistaciae
KX037028.1	k__Eukaryota	p__Ascomycota	c__dothideomyceta	o__Pleosporales	f__Leptosphaeriaceae	g__Plenodomus	s__Plenodomus_biglobosus
MF962599.1	k__Eukaryota	p__Ascomycota	c__sordariomyceta	o__Helotiales	f__unidentified	g__Cadophora	s__Cadophora_luteo-olivacea
KP859038.1	k__Eukaryota	p__Ascomycota	c__sordariomyceta	o__Xylariales	f__Microdochiaceae	g__Microdochium	s__Microdochium_seminicola
OM778769.1	k__Eukaryota	p__Ascomycota	c__dothideomyceta	o__Pleosporales	f__Pleosporaceae	g__Exserohilum	s__Exserohilum_turcicum
KY242705.1	k__Eukaryota	p__Ascomycota	c__sordariomyceta	o__Glomerellales	f__Glomerellaceae	g__Colletotrichum	s__Colletotrichum_hainanense
OM189455.1	k__Eukaryota	p__Ascomycota	c__sordariomyceta	o__Hypocreales	f__Nectriaceae	g__Fusarium	s__Fusarium_equiseti
MG736181.1	k__Eukaryota	p__Ascomycota	c__sordariomyceta	o__Hypocreales	f__Nectriaceae	g__Fusarium	s__Fusarium_poae
MW766990.1	k__Eukaryota	p__Ascomycota	c__sordariomyceta	o__Hypocreales	f__Nectriaceae	g__Fusarium	s__Fusarium_commune
MK096314.1	k__Eukaryota	p__Ascomycota	c__sordariomyceta	o__Diaporthales	f__Melanconiellaceae	g__Melanconiella	s__Melanconiella_corylina
MK387925.1	k__Eukaryota	p__Ascomycota	c__dothideomyceta	o__Pleosporales	f__Leptosphaeriaceae	g__Sphaerellopsis	s__Sphaerellopsis_isthmospora
FJ770386.1	k__Eukaryota	p__Basidiomycota	c__Opisthokonta	o__Agaricales	f__Entolomataceae	g__Clitopilus	s__Clitopilus_passeckerianus
MK539966.1	k__Eukaryota	p__Ascomycota	c__dothideomyceta	o__Pleosporales	f__Phaeosphaeriaceae	g__Septoriella	s__Septoriella_hibernica
MG591897.1	k__Eukaryota	p__Ascomycota	c__sordariomyceta	o__Diaporthales	f__Tubakiaceae	g__Tubakia	s__Tubakia_oblongispora
FJ860761.1	k__Eukaryota	p__Ascomycota	c__sordariomyceta	o__Hypocreales	f__Hypocreaceae	g__Trichoderma	s__Trichoderma_junci
KR873256.1	k__Eukaryota	p__Ascomycota	c__sordariomyceta	o__Xylariales	f__Sporocadaceae	g__Robillarda	s__Robillarda_sessilis
FR748048.1	k__Eukaryota	p__Ascomycota	c__sordariomyceta	o__Diaporthales	f__Diaporthaceae	g__Stenocarpella	s__Stenocarpella_macrospora
MK953367.1	k__Eukaryota	p__Basidiomycota	c__Opisthokonta	o__Agaricales	f__Pterulaceae	g__Pterulicium	s__Pterulicium_caricis-pendulae
MT707332.1	k__Eukaryota	p__Oomycota	c__Stramenopiles	o__Peronosporales	f__Peronosporaceae	g__Phytophthora	s__Phytophthora_alpina
MH857619.1	k__Eukaryota	p__Basidiomycota	c__Opisthokonta	o__Russulales	f__Peniophoraceae	g__Peniophora	s__Peniophora_laeta
FJ860793.1	k__Eukaryota	p__Ascomycota	c__sordariomyceta	o__Hypocreales	f__Hypocreaceae	g__Trichoderma	s__Trichoderma_ochroleucum
MN906214.1	k__Eukaryota	p__Ascomycota	c__sordariomyceta	o__Helotiales	f__Cenangiaceae	g__Chlorencoelia	s__Chlorencoelia_versiformis
MH107884.1	k__Eukaryota	p__Ascomycota	c__sordariomyceta	o__Glomerellales	f__Glomerellaceae	g__Colletotrichum	s__Colletotrichum_kniphofiae
KT600411.1	k__Eukaryota	p__Ascomycota	c__dothideomyceta	o__Cladosporiales	f__Cladosporiaceae	g__Cladosporium	s__Cladosporium_aciculare
MH101502.1	k__Eukaryota	p__Ascomycota	c__sordariomyceta	o__Helotiales	f__Sclerotiniaceae	g__Septotinia	s__Septotinia_podophyllina
HQ847042.1	k__Eukaryota	p__Basidiomycota	c__Opisthokonta	o__Agaricales	f__Agaricaceae	g__Coprinus	s__Coprinus_phaeopunctatus
KR859279.1	k__Eukaryota	p__Ascomycota	c__sordariomyceta	o__Helotiales	f__Dermateaceae	g__Pseudofabraea	s__Pseudofabraea_citricarpa
MW989387.1	k__Eukaryota	p__Ascomycota	c__leotiomyceta	o__Acarosporales	f__Acarosporaceae	g__Acarospora	s__Acarospora_novomexicana
KJ707164.1	k__Eukaryota	p__Basidiomycota	c__Opisthokonta	o__Sporidiobolales	f__Sporidiobolaceae	g__Sporobolomyces	s__Sporobolomyces_roseus
MW114346.1	k__Eukaryota	p__Ascomycota	c__sordariomyceta	o__Diaporthales	f__Diaporthaceae	g__Diaporthe	s__Diaporthe_celtidis
GQ852842.1	k__Eukaryota	p__Ascomycota	c__dothideomyceta	o__Mycosphaerellales	f__Mycosphaerellaceae	g__Zasmidium	s__Zasmidium_nocoxi
KM231823.1	k__Eukaryota	p__Ascomycota	c__sordariomyceta	o__Hypocreales	f__Nectriaceae	g__Fusicolla	s__Fusicolla_aquaeductuum
AF222850.1	k__Eukaryota	p__Ascomycota	c__dothideomyceta	o__Mycosphaerellales	f__Mycosphaerellaceae	g__Mycosphaerella	s__Mycosphaerella_asteroma
MK995628.1	k__Eukaryota	p__Ascomycota	c__dothideomyceta	o__Pleosporales	f__Pleosporaceae	g__Curvularia	s__Curvularia_verruculosa
GQ303276.2	k__Eukaryota	p__Ascomycota	c__sordariomyceta	o__Diaporthales	f__unidentified	g__Foliocryphia	s__Foliocryphia_eucalypti
AB035046.1	k__Eukaryota	p__Basidiomycota	c__Opisthokonta	o__Tremellales	f__Rhynchogastremaceae	g__Papiliotrema	s__Papiliotrema_flavescens
DQ202520.1	k__Eukaryota	p__Ascomycota	c__sordariomyceta	o__Helotiales	f__Mollisiaceae	g__Variocladium	s__Variocladium_giganteum
MT232356.1	k__Eukaryota	p__Basidiomycota	c__Opisthokonta	o__Agaricales	f__Pterulaceae	g__Pterula	s__Pterula_gracilis
JQ324983.1	k__Eukaryota	p__Ascomycota	c__dothideomyceta	o__Mycosphaerellales	f__Mycosphaerellaceae	g__Pseudocercospora	s__Pseudocercospora_xanthocercidis
MT626599.1	k__Eukaryota	p__Ascomycota	c__sordariomyceta	o__Diaporthales	f__Diaporthaceae	g__Diaporthe	s__Diaporthe_oncostoma
AY552328.1	k__Eukaryota	p__Basidiomycota	c__Opisthokonta	o__Sporidiobolales	f__Sporidiobolaceae	g__Sporobolomyces	s__Sporobolomyces_patagonicus
KJ846807.1	k__Eukaryota	p__Ascomycota	c__sordariomyceta	o__Glomerellales	f__Glomerellaceae	g__Colletotrichum	s__Colletotrichum_tamarilloi
MW396857.1	k__Eukaryota	p__Ascomycota	c__dothideomyceta	o__Pleosporales	f__Pleosporaceae	g__Curvularia	s__Curvularia_tanzanica
MW016616.1	k__Eukaryota	p__Ascomycota	c__sordariomyceta	o__Hypocreales	f__Nectriaceae	g__Fusarium	s__Fusarium_kyushuense
MN192171.1	k__Eukaryota	p__Ascomycota	c__sordariomyceta	o__Diaporthales	f__Melanconiellaceae	g__Melanconiella	s__Melanconiella_ellisii
MG591901.1	k__Eukaryota	p__Ascomycota	c__sordariomyceta	o__Diaporthales	f__Tubakiaceae	g__Involutiscutellula	s__Involutiscutellula_rubra
MK656244.1	k__Eukaryota	p__Ascomycota	c__sordariomyceta	o__Diaporthales	f__Valsaceae	g__Cytospora	s__Cytospora_austromontana
KC584220.1	k__Eukaryota	p__Ascomycota	c__dothideomyceta	o__Pleosporales	f__Pleosporaceae	g__Alternaria	s__Alternaria_sonchi
MF183941.1	k__Eukaryota	p__Basidiomycota	c__Opisthokonta	o__Agaricales	f__Cystostereaceae	g__Crustomyces	s__Crustomyces_subabruptus
MK205289.1	k__Eukaryota	p__Ascomycota	c__sordariomyceta	o__Diaporthales	f__Diaporthaceae	g__Diaporthe	s__Diaporthe_myracrodruonis
JN383490.1	k__Eukaryota	p__Ascomycota	c__dothideomyceta	o__Pleosporales	f__Pleosporaceae	g__Alternaria	s__Alternaria_eureka
MW016393.1	k__Eukaryota	p__Ascomycota	c__sordariomyceta	o__Hypocreales	f__Nectriaceae	g__Fusarium	s__Fusarium_falsibabinda
KY173420.1	k__Eukaryota	p__Ascomycota	c__dothideomyceta	o__Mycosphaerellales	f__Mycosphaerellaceae	g__Mycodiella	s__Mycodiella_eucalypti
KR011352.1	k__Eukaryota	p__Ascomycota	c__sordariomyceta	o__Xylariales	f__Apiosporaceae	g__Apiospora	s__Apiospora_intestini
AF455494.1	k__Eukaryota	p__Ascomycota	c__dothideomyceta	o__Pleosporales	f__Leptosphaeriaceae	g__Leptosphaeria	s__Leptosphaeria_microscopica
DQ368755.1	k__Eukaryota	p__Ascomycota	c__sordariomyceta	o__Diaporthales	f__Cryphonectriaceae	g__Ursicollum	s__Ursicollum_fallax
KX833535.1	k__Eukaryota	p__Ascomycota	c__sordariomyceta	o__Diaporthales	f__Schizoparmaceae	g__Coniella	s__Coniella_erumpens
AY787678.2	k__Eukaryota	p__Basidiomycota	c__Opisthokonta	o__Russulales	f__Peniophoraceae	g__Peniophora	s__Peniophora_limitata
KX887211.1	k__Eukaryota	p__Ascomycota	c__dothideomyceta	o__Myriangiales	f__Elsinoaceae	g__Elsinoe	s__Elsinoe_embeliae
EF600943.1	k__Eukaryota	p__Ascomycota	c__dothideomyceta	o__Myriangiales	f__Elsinoaceae	g__Sphaceloma	s__Sphaceloma_araliae
KX858631.1	k__Eukaryota	p__Ascomycota	c__sordariomyceta	o__Helotiales	f__Tricladiaceae	g__Tricladium	s__Tricladium_angulatum
KT598374.1	k__Eukaryota	p__Ascomycota	c__sordariomyceta	o__Helotiales	f__Mollisiaceae	g__Barrenia	s__Barrenia_panicia
DQ825985.1	k__Eukaryota	p__Ascomycota	c__sordariomyceta	o__Glomerellales	f__Plectosphaerellaceae	g__Gibellulopsis	s__Gibellulopsis_serrae
LT217559.1	k__Eukaryota	p__Basidiomycota	c__Opisthokonta	o__Agaricales	f__Schizophyllaceae	g__Schizophyllum	s__Schizophyllum_fasciatum
MG682082.1	k__Eukaryota	p__Ascomycota	c__sordariomyceta	o__Diaporthales	f__Pseudomelanconidaceae	g__Pseudomelanconis	s__Pseudomelanconis_caryae
KU845893.1	k__Eukaryota	p__Ascomycota	c__sordariomyceta	o__Hypocreales	f__Stachybotryaceae	g__Albifimbria	s__Albifimbria_verrucaria
KX239841.1	k__Eukaryota	p__Ascomycota	c__saccharomyceta	o__Pezizales	f__Helvellaceae	g__Helvella	s__Helvella_floriforma
KY979772.1	k__Eukaryota	p__Ascomycota	c__sordariomyceta	o__Diaporthales	f__unidentified	g__Foliocryphia	s__Foliocryphia_eucalyptorum
KY173432.2	k__Eukaryota	p__Ascomycota	c__sordariomyceta	o__Helotiales	f__Dermateaceae	g__Phlyctema	s__Phlyctema_phoenicis
HM004512.1	k__Eukaryota	p__Oomycota	c__Stramenopiles	o__Peronosporales	f__Peronosporaceae	g__Plasmopara	s__Plasmopara_pusilla
FJ790287.1	k__Eukaryota	p__Ascomycota	c__dothideomyceta	o__Cladosporiales	f__Cladosporiaceae	g__Toxicocladosporium	s__Toxicocladosporium_rubrigenum
OK664738.1	k__Eukaryota	p__Ascomycota	c__sordariomyceta	o__Hypocreales	f__Hypocreaceae	g__Kiflimonium	s__Kiflimonium_junci
JQ044436.1	k__Eukaryota	p__Ascomycota	c__dothideomyceta	o__Cladosporiales	f__Cladosporiaceae	g__Neocladosporium	s__Neocladosporium_leucadendri
KY979755.1	k__Eukaryota	p__Ascomycota	c__dothideomyceta	o__Pleosporales	f__Didymellaceae	g__Pseudopeyronellaea	s__Pseudopeyronellaea_eucalypti
GU237762.1	k__Eukaryota	p__Ascomycota	c__dothideomyceta	o__Pleosporales	f__Didymellaceae	g__Paraboeremia	s__Paraboeremia_selaginellae
EU196536.1	k__Eukaryota	p__Ascomycota	c__sordariomyceta	o__Xylariales	f__unidentified	g__Polyscytalum	s__Polyscytalum_pustulans
HG779023.1	k__Eukaryota	p__Ascomycota	c__dothideomyceta	o__Pleosporales	f__Pleosporaceae	g__Curvularia	s__Curvularia_trifolii
MH864156.1	k__Eukaryota	p__Ascomycota	c__sordariomyceta	o__Diaporthales	f__Synnemasporellaceae	g__Synnemasporella	s__Synnemasporella_aculeans
HG931724.1	k__Eukaryota	p__Ascomycota	c__dothideomyceta	o__Pleosporales	f__Pleosporaceae	g__Stemphylium	s__Stemphylium_globuliferum
AY743636.1	k__Eukaryota	p__Basidiomycota	c__Opisthokonta	o__Malasseziales	f__Malasseziaceae	g__Malassezia	s__Malassezia_restricta
AB179837.1	k__Eukaryota	p__Ascomycota	c__dothideomyceta	o__Pleosporales	f__Pleosporaceae	g__Bipolaris	s__Bipolaris_stenospila
MW724098.1	k__Eukaryota	p__Basidiomycota	c__Opisthokonta	o__Tremellales	f__Bulleribasidiaceae	g__Vishniacozyma	s__Vishniacozyma_tephrensis
MW202909.1	k__Eukaryota	p__Ascomycota	c__sordariomyceta	o__Diaporthales	f__Diaporthaceae	g__Diaporthe	s__Diaporthe_apiculata
KJ570692.1	k__Eukaryota	p__Ascomycota	c__sordariomyceta	o__Hypocreales	f__Nectriaceae	g__Thyronectria	s__Thyronectria_caudata
MG520945.1	k__Eukaryota	p__Ascomycota	c__dothideomyceta	o__Pleosporales	f__Phaeosphaeriaceae	g__Paraophiobolus	s__Paraophiobolus_arundinis
AF141170.1	k__Eukaryota	p__Ascomycota	c__sordariomyceta	o__Helotiales	f__Dermateaceae	g__Pezicula	s__Pezicula_aurantiaca
LR583793.1	k__Eukaryota	p__Ascomycota	c__sordariomyceta	o__Hypocreales	f__Nectriaceae	g__Fusarium	s__Fusarium_neocosmosporiellum
LM644067.1	k__Eukaryota	p__Basidiomycota	c__Opisthokonta	o__Cystobasidiales	f__Cystobasidiaceae	g__Cystobasidium	s__Cystobasidium_fimetarium
MH856859.1	k__Eukaryota	p__Ascomycota	c__sordariomyceta	o__Helotiales	f__Rutstroemiaceae	g__Lambertella	s__Lambertella_tubulosa
KP744447.1	k__Eukaryota	p__Ascomycota	c__dothideomyceta	o__Pleosporales	f__Parabambusicolaceae	g__Multiseptospora	s__Multiseptospora_thailandica
KJ590728.1	k__Eukaryota	p__Ascomycota	c__sordariomyceta	o__Diaporthales	f__Diaporthaceae	g__Diaporthe	s__Diaporthe_longicolla
AY015439.1	k__Eukaryota	p__Basidiomycota	c__Opisthokonta	o__Sporidiobolales	f__Sporidiobolaceae	g__Sporobolomyces	s__Sporobolomyces_ruberrimus
KY742078.1	k__Eukaryota	p__Ascomycota	c__dothideomyceta	o__Pleosporales	f__Didymellaceae	g__Didymella	s__Didymella_ocimicola
KX833588.1	k__Eukaryota	p__Ascomycota	c__sordariomyceta	o__Diaporthales	f__Schizoparmaceae	g__Coniella	s__Coniella_malaysiana
HQ630308.1	k__Eukaryota	p__Mucoromycota	c__Opisthokonta	o__Mortierellales	f__Mortierellaceae	g__Mortierella	s__Mortierella_rishikesha
KX965732.1	k__Eukaryota	p__Ascomycota	c__dothideomyceta	o__Pleosporales	f__Periconiaceae	g__Periconia	s__Periconia_cortaderiae
MH857232.1	k__Eukaryota	p__Ascomycota	c__sordariomyceta	o__Helotiales	f__Hyphodiscaceae	g__Hyphodiscus	s__Hyphodiscus_hymeniophilus
MH013190.1	k__Eukaryota	p__Basidiomycota	c__Opisthokonta	o__Agaricales	f__Schizophyllaceae	g__Auriculariopsis	s__Auriculariopsis_ampla
AF284387.1	k__Eukaryota	p__Ascomycota	c__dothideomyceta	o__Mycosphaerellales	f__Mycosphaerellaceae	g__Cercospora	s__Cercospora_caricis
AY236422.1	k__Eukaryota	p__Ascomycota	c__sordariomyceta	o__Helotiales	f__Sclerotiniaceae	g__Kohninia	s__Kohninia_linnaeicola
MG865518.1	k__Eukaryota	p__Oomycota	c__Stramenopiles	o__Peronosporales	f__Peronosporaceae	g__Phytophthora	s__Phytophthora_ipomoeae
KC843311.1	k__Eukaryota	p__Ascomycota	c__sordariomyceta	o__Diaporthales	f__Diaporthaceae	g__Diaporthe	s__Diaporthe_citri
KR909390.1	k__Eukaryota	p__Ascomycota	c__sordariomyceta	o__Hypocreales	f__Nectriaceae	g__Fusarium	s__Fusarium_nisikadoi
MW045555.1	k__Eukaryota	p__Ascomycota	c__dothideomyceta	o__Pleosporales	f__Pleosporaceae	g__Bipolaris	s__Bipolaris_omanensis
HQ847021.1	k__Eukaryota	p__Basidiomycota	c__Opisthokonta	o__Agaricales	f__Psathyrellaceae	g__Coprinopsis	s__Coprinopsis_scobicola
AF222840.1	k__Eukaryota	p__Ascomycota	c__dothideomyceta	o__Mycosphaerellales	f__Mycosphaerellaceae	g__Pseudocercospora	s__Pseudocercospora_eriodendri
KT933645.1	k__Eukaryota	p__Ascomycota	c__dothideomyceta	o__Pleosporales	f__Pleosporaceae	g__Curvularia	s__Curvularia_aeria
MF169524.1	k__Eukaryota	p__Ascomycota	c__sordariomyceta	o__Diaporthales	f__Diaporthaceae	g__Diaporthe	s__Diaporthe_nobilis
KC343118.1	k__Eukaryota	p__Ascomycota	c__sordariomyceta	o__Diaporthales	f__Diaporthaceae	g__Diaporthe	s__Diaporthe_hickoriae
MK569748.1	k__Eukaryota	p__Basidiomycota	c__Opisthokonta	o__Agaricales	f__Amanitaceae	g__Amanita	s__Amanita_huijsmanii
MT177932.1	k__Eukaryota	p__Ascomycota	c__sordariomyceta	o__Diaporthales	f__Valsaceae	g__Cytospora	s__Cytospora_phialidica
KC343135.1	k__Eukaryota	p__Ascomycota	c__sordariomyceta	o__Diaporthales	f__Diaporthaceae	g__Diaporthe	s__Diaporthe_longispora
MT984417.1	k__Eukaryota	p__Ascomycota	c__sordariomyceta	o__Xylariales	f__Sporocadaceae	g__Pestalotiopsis	s__Pestalotiopsis_neglecta
MH798901.1	k__Eukaryota	p__Ascomycota	c__sordariomyceta	o__Xylariales	f__Leptosilliaceae	g__Leptosillia	s__Leptosillia_pistaciae
EU040211.1	k__Eukaryota	p__Ascomycota	c__dothideomyceta	o__Pleosporales	f__Pleosporaceae	g__Alternaria	s__Alternaria_thalictrigena
EF512473.1	k__Eukaryota	p__Ascomycota	c__sordariomyceta	o__Diaporthales	f__unidentified	g__Sirococcus	s__Sirococcus_tsugae
MW114348.1	k__Eukaryota	p__Ascomycota	c__sordariomyceta	o__Diaporthales	f__Diaporthaceae	g__Diaporthe	s__Diaporthe_fici-septicae
AB694922.1	k__Eukaryota	p__Ascomycota	c__dothideomyceta	o__Mycosphaerellales	f__Mycosphaerellaceae	g__Pseudocercospora	s__Pseudocercospora_cladrastidis
MF190146.1	k__Eukaryota	p__Ascomycota	c__sordariomyceta	o__Diaporthales	f__Schizoparmaceae	g__Coniella	s__Coniella_pseudokoreana
KY173392.1	k__Eukaryota	p__Ascomycota	c__dothideomyceta	o__Mycosphaerellales	f__Mycosphaerellaceae	g__Camptomeriphila	s__Camptomeriphila_leucaenae
MT300294.1	k__Eukaryota	p__Ascomycota	c__sordariomyceta	o__Microascales	f__Microascaceae	g__Scopulariopsis	s__Scopulariopsis_brevicaulis
MH865223.1	k__Eukaryota	p__Ascomycota	c__sordariomyceta	o__Diaporthales	f__Cryphonectriaceae	g__Cryphonectria	s__Cryphonectria_naterciae
MT537019.1	k__Eukaryota	p__Basidiomycota	c__Opisthokonta	o__Agaricales	f__Stephanosporaceae	g__Lindtneria	s__Lindtneria_chordulata
HQ857111.1	k__Eukaryota	p__Ascomycota	c__sordariomyceta	o__Hypocreales	f__Hypocreaceae	g__Trichoderma	s__Trichoderma_gamsii
MH856898.1	k__Eukaryota	p__Ascomycota	c__sordariomyceta	o__Helotiales	f__Dermateaceae	g__Pezicula	s__Pezicula_cinnamomea
MT185512.1	k__Eukaryota	p__Ascomycota	c__sordariomyceta	o__Helotiales	f__Heterosphaeriaceae	g__Heterosphaeria	s__Heterosphaeria_linariae
KC584209.1	k__Eukaryota	p__Ascomycota	c__dothideomyceta	o__Pleosporales	f__Pleosporaceae	g__Alternaria	s__Alternaria_panax
KF767353.1	k__Eukaryota	p__Ascomycota	c__sordariomyceta	o__Hypocreales	f__Nectriaceae	g__Mariannaea	s__Mariannaea_dimorpha
MT177265.1	k__Eukaryota	p__Basidiomycota	c__Opisthokonta	o__Cantharellales	f__Ceratobasidiaceae	g__Rhizoctonia	s__Rhizoctonia_solani
KY940797.1	k__Eukaryota	p__Ascomycota	c__sordariomyceta	o__Diaporthales	f__Diaporthaceae	g__Stenocarpella	s__Stenocarpella_maydis
MG605066.1	k__Eukaryota	p__Ascomycota	c__sordariomyceta	o__Diaporthales	f__Tubakiaceae	g__Oblongisporothyrium	s__Oblongisporothyrium_castanopsidis
MT199882.1	k__Eukaryota	p__Ascomycota	c__sordariomyceta	o__Xylariales	f__Microdochiaceae	g__Microdochium	s__Microdochium_yunnanense
KF499360.1	k__Eukaryota	p__Ascomycota	c__sordariomyceta	o__Helotiales	f__Rutstroemiaceae	g__Bicornispora	s__Bicornispora_seditiosa
KJ490582.1	k__Eukaryota	p__Ascomycota	c__sordariomyceta	o__Diaporthales	f__Diaporthaceae	g__Diaporthe	s__Diaporthe_biguttulata
MW298367.1	k__Eukaryota	p__Ascomycota	c__sordariomyceta	o__Helotiales	f__Ploettnerulaceae	g__Spermospora	s__Spermospora_loliiphila
EU280121.1	k__Eukaryota	p__Ascomycota	c__sordariomyceta	o__Hypocreales	f__Hypocreaceae	g__Trichoderma	s__Trichoderma_pubescens
JX977163.1	k__Eukaryota	p__Ascomycota	c__sordariomyceta	o__Helotiales	f__Helotiaceae	g__Hymenoscyphus	s__Hymenoscyphus_brevicellulus
MH656752.1	k__Eukaryota	p__Ascomycota	c__dothideomyceta	o__Pleosporales	f__Didymellaceae	g__Ascochyta	s__Ascochyta_herbicola
AY624994.1	k__Eukaryota	p__Basidiomycota	c__Opisthokonta	o__Hymenochaetales	f__Hymenochaetaceae	g__Inocutis	s__Inocutis_rheades
OK664717.1	k__Eukaryota	p__Ascomycota	c__dothideomyceta	o__Cladosporiales	f__Cladosporiaceae	g__Toxicocladosporium	s__Toxicocladosporium_glendoranum
MH864794.1	k__Eukaryota	p__Ascomycota	c__dothideomyceta	o__Pleosporales	f__Pleosporaceae	g__Pyrenophora	s__Pyrenophora_triseptata
HM991734.1	k__Eukaryota	p__Ascomycota	c__sordariomyceta	o__Diaporthales	f__Tubakiaceae	g__Tubakia	s__Tubakia_seoraksanensis
AB926081.1	k__Eukaryota	p__Ascomycota	c__sordariomyceta	o__Helotiales	f__Rutstroemiaceae	g__Lambertella	s__Lambertella_pyrolae
MZ159408.1	k__Eukaryota	p__Ascomycota	c__sordariomyceta	o__Helotiales	f__Calloriaceae	g__Diplonaevia	s__Diplonaevia_bresadolae
KT459414.1	k__Eukaryota	p__Ascomycota	c__sordariomyceta	o__Diaporthales	f__Diaporthaceae	g__Diaporthe	s__Diaporthe_aseana
KP859002.1	k__Eukaryota	p__Ascomycota	c__sordariomyceta	o__Xylariales	f__Microdochiaceae	g__Microdochium	s__Microdochium_neoqueenslandicum
KY051801.1	k__Eukaryota	p__Ascomycota	c__sordariomyceta	o__Diaporthales	f__Valsaceae	g__Cytospora	s__Cytospora_disciformis
LR583738.1	k__Eukaryota	p__Ascomycota	c__sordariomyceta	o__Hypocreales	f__Nectriaceae	g__Fusarium	s__Fusarium_metavorans
MW412405.1	k__Eukaryota	p__Basidiomycota	c__Opisthokonta	o__Agaricales	f__Psathyrellaceae	g__Psathyrella	s__Psathyrella_quercicola
KY752809.1	k__Eukaryota	p__Ascomycota	c__dothideomyceta	o__Cladosporiales	f__Cladosporiaceae	g__Toxicocladosporium	s__Toxicocladosporium_cacti
EU514295.1	k__Eukaryota	p__Ascomycota	c__dothideomyceta	o__Mycosphaerellales	f__Mycosphaerellaceae	g__Zasmidium	s__Zasmidium_queenslandicum
MT373373.1	k__Eukaryota	p__Ascomycota	c__sordariomyceta	o__Helotiales	f__Discinellaceae	g__Pseudopezicula	s__Pseudopezicula_betulae
KX833586.1	k__Eukaryota	p__Ascomycota	c__sordariomyceta	o__Diaporthales	f__Schizoparmaceae	g__Coniella	s__Coniella_limoniformis
AY618232.1	k__Eukaryota	p__Ascomycota	c__sordariomyceta	o__Hypocreales	f__Nectriaceae	g__Fusarium	s__Fusarium_lateritium
KU940129.1	k__Eukaryota	p__Ascomycota	c__dothideomyceta	o__Pleosporales	f__Thyridariaceae	g__Pararoussoella	s__Pararoussoella_mukdahanensis
MG866027.1	k__Eukaryota	p__Ascomycota	c__sordariomyceta	o__Diaporthales	f__Cryphonectriaceae	g__Cryphonectria	s__Cryphonectria_quercicola
KX833595.1	k__Eukaryota	p__Ascomycota	c__sordariomyceta	o__Diaporthales	f__Schizoparmaceae	g__Coniella	s__Coniella_quercicola
KC851949.1	k__Eukaryota	p__Ascomycota	c__sordariomyceta	o__Diaporthales	f__Cryphonectriaceae	g__Cryphonectria	s__Cryphonectria_parasitica
JQ926262.1	k__Eukaryota	p__Ascomycota	c__sordariomyceta	o__Diaporthales	f__Melanconiellaceae	g__Melanconiella	s__Melanconiella_decorahensis
MK442607.1	k__Eukaryota	p__Ascomycota	c__dothideomyceta	o__Pleosporales	f__Thyridariaceae	g__Pararoussoella	s__Pararoussoella_juglandicola
KJ707106.1	k__Eukaryota	p__Basidiomycota	c__Opisthokonta	o__Sporidiobolales	f__Sporidiobolaceae	g__Rhodotorula	s__Rhodotorula_babjevae
MW144762.1	k__Eukaryota	p__Ascomycota	c__sordariomyceta	o__Diaporthales	f__Coryneaceae	g__Coryneum	s__Coryneum_fagineum
MN688802.1	k__Eukaryota	p__Ascomycota	c__dothideomyceta	o__Pleosporales	f__Pleosporaceae	g__Curvularia	s__Curvularia_austriaca
MT537116.1	k__Eukaryota	p__Basidiomycota	c__Opisthokonta	o__Agaricales	f__Radulomycetaceae	g__Aphanobasidium	s__Aphanobasidium_gaspesicum
FJ889450.1	k__Eukaryota	p__Ascomycota	c__sordariomyceta	o__Diaporthales	f__Diaporthaceae	g__Diaporthe	s__Diaporthe_cotoneastri
MK953363.1	k__Eukaryota	p__Basidiomycota	c__Opisthokonta	o__Agaricales	f__Pterulaceae	g__Pterulicium	s__Pterulicium_subsimplex
GU237775.1	k__Eukaryota	p__Ascomycota	c__dothideomyceta	o__Pleosporales	f__Didymellaceae	g__Didymella	s__Didymella_chenopodii
FJ430779.1	k__Eukaryota	p__Ascomycota	c__sordariomyceta	o__Helotiales	f__unidentified	g__Acidea	s__Acidea_extrema
MW554702.1	k__Eukaryota	p__Basidiomycota	c__Opisthokonta	o__Agaricales	f__Strophariaceae	g__Pholiota	s__Pholiota_occidentalis
MH298851.1	k__Eukaryota	p__Ascomycota	c__sordariomyceta	o__Helotiales	f__Sclerotiniaceae	g__Scleromitrula	s__Scleromitrula_shiraiana
EF512480.1	k__Eukaryota	p__Ascomycota	c__sordariomyceta	o__Diaporthales	f__unidentified	g__Sirococcus	s__Sirococcus_piceicola
MH414899.1	k__Eukaryota	p__Ascomycota	c__dothideomyceta	o__Pleosporales	f__Pleosporaceae	g__Curvularia	s__Curvularia_eragrosticola
KY051852.1	k__Eukaryota	p__Ascomycota	c__sordariomyceta	o__Diaporthales	f__Valsaceae	g__Valsa	s__Valsa_ambiens
MK573877.1	k__Eukaryota	p__Ascomycota	c__sordariomyceta	o__Helotiales	f__Helotiaceae	g__Hymenoscyphus	s__Hymenoscyphus_fructigenus
KJ869133.1	k__Eukaryota	p__Ascomycota	c__sordariomyceta	o__Diaporthales	f__Diaporthaceae	g__Diaporthe	s__Diaporthe_isoberliniae
AF444406.1	k__Eukaryota	p__Basidiomycota	c__Opisthokonta	o__Tremellales	f__Bulleribasidiaceae	g__Dioszegia	s__Dioszegia_crocea
KF577913.1	k__Eukaryota	p__Ascomycota	c__sordariomyceta	o__Glomerellales	f__Glomerellaceae	g__Colletotrichum	s__Colletotrichum_fuscum
KF859928.1	k__Eukaryota	p__Ascomycota	c__sordariomyceta	o__Helotiales	f__Sclerotiniaceae	g__Sclerotinia	s__Sclerotinia_bulborum
MH411093.1	k__Eukaryota	p__Ascomycota	c__dothideomyceta	o__Pleosporales	f__Sporormiaceae	g__Westerdykella	s__Westerdykella_aquatica
MH858111.1	k__Eukaryota	p__Ascomycota	c__sordariomyceta	o__Helotiales	f__Mollisiaceae	g__Phialocephala	s__Phialocephala_virens
MG747467.1	k__Eukaryota	p__Ascomycota	c__sordariomyceta	o__Diaporthales	f__Diaporthaceae	g__Diaporthe	s__Diaporthe_terebinthifolii
MH231815.1	k__Eukaryota	p__Basidiomycota	c__Opisthokonta	o__Tilletiales	f__Tilletiaceae	g__Tilletia	s__Tilletia_whiteochloae
FJ427003.1	k__Eukaryota	p__Ascomycota	c__dothideomyceta	o__Pleosporales	f__Didymellaceae	g__Didymella	s__Didymella_gardeniae
KT389511.1	k__Eukaryota	p__Ascomycota	c__dothideomyceta	o__Pleosporales	f__Didymellaceae	g__Neoascochyta	s__Neoascochyta_europaea
MH554112.1	k__Eukaryota	p__Ascomycota	c__sordariomyceta	o__Xylariales	f__Sporocadaceae	g__Truncatella	s__Truncatella_angustata
U34556.1	k__Eukaryota	p__Ascomycota	c__sordariomyceta	o__Hypocreales	f__Nectriaceae	g__Fusarium	s__Fusarium_sacchari
MG975777.1	k__Eukaryota	p__Ascomycota	c__sordariomyceta	o__Diaporthales	f__Valsaceae	g__Cytospora	s__Cytospora_thailandica
AF444407.1	k__Eukaryota	p__Basidiomycota	c__Opisthokonta	o__Tremellales	f__Bulleribasidiaceae	g__Vishniacozyma	s__Vishniacozyma_globispora
KP814376.1	k__Eukaryota	p__Basidiomycota	c__Opisthokonta	o__Atheliales	f__Atheliaceae	g__Athelia	s__Athelia_acrospora
MK047439.1	k__Eukaryota	p__Ascomycota	c__sordariomyceta	o__Diaporthales	f__Schizoparmaceae	g__Coniella	s__Coniella_diospyri
KC584213.1	k__Eukaryota	p__Ascomycota	c__dothideomyceta	o__Pleosporales	f__Pleosporaceae	g__Alternaria	s__Alternaria_radicina
MW016403.1	k__Eukaryota	p__Ascomycota	c__sordariomyceta	o__Hypocreales	f__Nectriaceae	g__Fusarium	s__Fusarium_bambusarum
AF243391.1	k__Eukaryota	p__Ascomycota	c__dothideomyceta	o__Mycosphaerellales	f__Mycosphaerellaceae	g__Sphaerulina	s__Sphaerulina_musiva
MN172414.1	k__Eukaryota	p__Ascomycota	c__sordariomyceta	o__Diaporthales	f__unidentified	g__Neocryphonectria	s__Neocryphonectria_chinensis
KP170657.1	k__Eukaryota	p__Ascomycota	c__dothideomyceta	o__Pleosporales	f__Leptosphaeriaceae	g__Sphaerellopsis	s__Sphaerellopsis_filum
KY085926.1	k__Eukaryota	p__Ascomycota	c__sordariomyceta	o__Diaporthales	f__Diaporthaceae	g__Diaporthe	s__Diaporthe_caatingaensis
KR909429.1	k__Eukaryota	p__Ascomycota	c__sordariomyceta	o__Hypocreales	f__Nectriaceae	g__Fusarium	s__Fusarium_coeruleum
GQ303294.1	k__Eukaryota	p__Ascomycota	c__dothideomyceta	o__Myriangiales	f__Elsinoaceae	g__Elsinoe	s__Elsinoe_tectificae
MK478468.1	k__Eukaryota	p__Ascomycota	c__sordariomyceta	o__Hypocreales	f__Hypocreaceae	g__Hypomyces	s__Hypomyces_orthosporus
MT741707.1	k__Eukaryota	p__Basidiomycota	c__Opisthokonta	o__Corticiales	f__Corticiaceae	g__Entomocorticium	s__Entomocorticium_cobbii
OK664755.1	k__Eukaryota	p__Ascomycota	c__dothideomyceta	o__Capnodiales	f__Neoantennariellaceae	g__Cippumomyces	s__Cippumomyces_mortalis
KU712439.1	k__Eukaryota	p__Ascomycota	c__sordariomyceta	o__Diaporthales	f__Diaporthaceae	g__Diaporthe	s__Diaporthe_tectonendophytica
KF730818.1	k__Eukaryota	p__Ascomycota	c__sordariomyceta	o__Helotiales	f__Discinellaceae	g__Fontanospora	s__Fontanospora_eccentrica
HF548705.1	k__Eukaryota	p__Ascomycota	c__sordariomyceta	o__Hypocreales	f__Nectriaceae	g__Fusarium	s__Fusarium_merismoides
MH414905.1	k__Eukaryota	p__Ascomycota	c__dothideomyceta	o__Pleosporales	f__Pleosporaceae	g__Curvularia	s__Curvularia_petersonii
MH321794.1	k__Eukaryota	p__Ascomycota	c__sordariomyceta	o__Hypocreales	f__Nectriaceae	g__Fusarium	s__Fusarium_acaciae-mearnsii
KX986764.1	k__Eukaryota	p__Ascomycota	c__sordariomyceta	o__Diaporthales	f__Diaporthaceae	g__Diaporthe	s__Diaporthe_acutispora
MK953352.1	k__Eukaryota	p__Basidiomycota	c__Opisthokonta	o__Agaricales	f__Pterulaceae	g__Pterulicium	s__Pterulicium_lilaceobrunneum
MH327805.1	k__Eukaryota	p__Ascomycota	c__sordariomyceta	o__Helotiales	f__Neolauriomycetaceae	g__Neolauriomyces	s__Neolauriomyces_eucalypti
KC343008.1	k__Eukaryota	p__Ascomycota	c__sordariomyceta	o__Diaporthales	f__Diaporthaceae	g__Diaporthe	s__Diaporthe_alnea
KM231748.1	k__Eukaryota	p__Ascomycota	c__sordariomyceta	o__Hypocreales	f__Nectriaceae	g__Cylindrocarpostylus	s__Cylindrocarpostylus_gregarius
MN562147.1	k__Eukaryota	p__Ascomycota	c__sordariomyceta	o__Xylariales	f__Zygosporiaceae	g__Zygosporium	s__Zygosporium_pseudomasonii
AB926073.1	k__Eukaryota	p__Ascomycota	c__sordariomyceta	o__Helotiales	f__Rutstroemiaceae	g__Rutstroemia	s__Rutstroemia_longipes
MK432798.1	k__Eukaryota	p__Ascomycota	c__sordariomyceta	o__Helotiales	f__Cenangiaceae	g__Chlorencoelia	s__Chlorencoelia_torta
AF141163.1	k__Eukaryota	p__Ascomycota	c__sordariomyceta	o__Helotiales	f__Dermateaceae	g__Dermea	s__Dermea_viburni
FJ357317.1	k__Eukaryota	p__Ascomycota	c__dothideomyceta	o__Pleosporales	f__Pleosporaceae	g__Alternaria	s__Alternaria_bornmuelleri
MK069419.1	k__Eukaryota	p__Ascomycota	c__sordariomyceta	o__Hypocreales	f__Sarocladiaceae	g__Sarocladium	s__Sarocladium_dejongiae
MH595928.1	k__Eukaryota	p__Ascomycota	c__sordariomyceta	o__Diaporthales	f__Diaporthaceae	g__Diaporthe	s__Diaporthe_passiflorae
JF812154.1	k__Eukaryota	p__Ascomycota	c__dothideomyceta	o__Pleosporales	f__Pleosporaceae	g__Curvularia	s__Curvularia_malina
MK794327.1	k__Eukaryota	p__Ascomycota	c__sordariomyceta	o__Hypocreales	f__Cordycipitaceae	g__Leptobacillium	s__Leptobacillium_leptobactrum
EF512470.1	k__Eukaryota	p__Ascomycota	c__sordariomyceta	o__Diaporthales	f__unidentified	g__Sirococcus	s__Sirococcus_conigenus
MH107895.1	k__Eukaryota	p__Ascomycota	c__sordariomyceta	o__Xylariales	f__Microdochiaceae	g__Microdochium	s__Microdochium_musae
JX977151.1	k__Eukaryota	p__Ascomycota	c__sordariomyceta	o__Helotiales	f__Helotiaceae	g__Hymenoscyphus	s__Hymenoscyphus_microserotinus
KU821458.1	k__Eukaryota	p__Ascomycota	c__sordariomyceta	o__Diaporthales	f__Diaporthaceae	g__Diaporthe	s__Diaporthe_macintoshii
MH861736.1	k__Eukaryota	p__Ascomycota	c__sordariomyceta	o__Helotiales	f__unidentified	g__Tetracladium	s__Tetracladium_furcatum
MN244198.1	k__Eukaryota	p__Ascomycota	c__dothideomyceta	o__Pleosporales	f__Didymellaceae	g__Xenodidymella	s__Xenodidymella_camporesii
AY259134.1	k__Eukaryota	p__Ascomycota	c__sordariomyceta	o__Helotiales	f__unidentified	g__Cadophora	s__Cadophora_dextrinospora
OL376730.1	k__Eukaryota	p__Ascomycota	c__sordariomyceta	o__Diaporthales	f__Diaporthaceae	g__Diaporthe	s__Diaporthe_eres
DQ323700.1	k__Eukaryota	p__Ascomycota	c__dothideomyceta	o__Pleosporales	f__Pleosporaceae	g__Alternaria	s__Alternaria_porri
MH863025.1	k__Eukaryota	p__Ascomycota	c__sordariomyceta	o__Hypocreales	f__Nectriaceae	g__Thyronectria	s__Thyronectria_nolinae
AY364838.1	k__Eukaryota	p__Basidiomycota	c__Opisthokonta	o__Sporidiobolales	f__Sporidiobolaceae	g__Sporobolomyces	s__Sporobolomyces_jilinensis
FJ426989.1	k__Eukaryota	p__Ascomycota	c__dothideomyceta	o__Pleosporales	f__Didymellaceae	g__Calophoma	s__Calophoma_clematidina
KF251261.1	k__Eukaryota	p__Ascomycota	c__dothideomyceta	o__Pleosporales	f__Massarinaceae	g__Stagonospora	s__Stagonospora_pseudovitensis
HG007978.1	k__Eukaryota	p__Basidiomycota	c__Opisthokonta	o__Agaricales	f__Strophariaceae	g__Pholiota	s__Pholiota_mixta
ON130635.1	k__Eukaryota	p__Ascomycota	c__dothideomyceta	o__Pleosporales	f__Pleosporaceae	g__Curvularia	s__Curvularia_lunata
KP026235.1	k__Eukaryota	p__Basidiomycota	c__Opisthokonta	o__Agaricales	f__Tricholomataceae	g__Resupinatus	s__Resupinatus_alboniger
MF951401.1	k__Eukaryota	p__Ascomycota	c__dothideomyceta	o__Mycosphaerellales	f__Mycosphaerellaceae	g__Zasmidium	s__Zasmidium_gupoyu
KU728517.1	k__Eukaryota	p__Ascomycota	c__sordariomyceta	o__Helotiales	f__Dermateaceae	g__Davidhawksworthia	s__Davidhawksworthia_ilicicola
KX228270.1	k__Eukaryota	p__Ascomycota	c__sordariomyceta	o__Helotiales	f__Porodiplodiaceae	g__unidentified	s__[Chalara]_clidemiae
MN973459.1	k__Eukaryota	p__Ascomycota	c__dothideomyceta	o__Pleosporales	f__Didymellaceae	g__Stagonosporopsis	s__Stagonosporopsis_sambucella
KP896056.1	k__Eukaryota	p__Ascomycota	c__dothideomyceta	o__Mycosphaerellales	f__Mycosphaerellaceae	g__Zasmidium	s__Zasmidium_fructigenum
AF178393.1	k__Eukaryota	p__Ascomycota	c__sordariomyceta	o__Hypocreales	f__Nectriaceae	g__Fusarium	s__Fusarium_illudens
MN688823.1	k__Eukaryota	p__Ascomycota	c__dothideomyceta	o__Pleosporales	f__Pleosporaceae	g__Curvularia	s__Curvularia_siddiquii
KF878381.1	k__Eukaryota	p__Basidiomycota	c__Opisthokonta	o__Agaricales	f__Strophariaceae	g__Pholiota	s__Pholiota_olivaceophylla
KC343164.1	k__Eukaryota	p__Ascomycota	c__sordariomyceta	o__Diaporthales	f__Diaporthaceae	g__Diaporthe	s__Diaporthe_oxe
KP744446.1	k__Eukaryota	p__Ascomycota	c__dothideomyceta	o__Pleosporales	f__Leptosphaeriaceae	g__Leptosphaeria	s__Leptosphaeria_ebuli
MG281015.1	k__Eukaryota	p__Ascomycota	c__sordariomyceta	o__Diaporthales	f__Diaporthaceae	g__Diaporthe	s__Diaporthe_bohemiae
MH862427.1	k__Eukaryota	p__Ascomycota	c__dothideomyceta	o__Pleosporales	f__Pleosporaceae	g__Exserohilum	s__Exserohilum_antillanum
MH753702.1	k__Eukaryota	p__Basidiomycota	c__Opisthokonta	o__Sporidiobolales	f__Sporidiobolaceae	g__Rhodotorula	s__Rhodotorula_diobovata
MW793963.1	k__Eukaryota	p__Basidiomycota	c__Opisthokonta	o__Russulales	f__Russulaceae	g__Lactarius	s__Lactarius_rufus
EU153512.1	k__Eukaryota	p__Basidiomycota	c__Opisthokonta	o__Polyporales	f__Polyporaceae	g__Trametes	s__Trametes_versicolor
MK809454.1	k__Eukaryota	p__Basidiomycota	c__Opisthokonta	o__Polyporales	f__Polyporaceae	g__Fomes	s__Fomes_fomentarius
JQ948151.1	k__Eukaryota	p__Ascomycota	c__sordariomyceta	o__Glomerellales	f__Glomerellaceae	g__Colletotrichum	s__Colletotrichum_orchidophilum
AB871751.1	k__Eukaryota	p__Basidiomycota	c__Opisthokonta	o__Auriculariales	f__Aporpiaceae	g__Elmerina	s__Elmerina_caryae
MT462296.1	k__Eukaryota	p__Ascomycota	c__sordariomyceta	o__Erysiphales	f__Erysiphaceae	g__Blumeria	s__Blumeria_graminis
KU850565.1	k__Eukaryota	p__Ascomycota	c__dothideomyceta	o__Pleosporales	f__Pleosporaceae	g__Stemphylium	s__Stemphylium_vesicarium
KC848278.1	k__Eukaryota	p__Basidiomycota	c__Opisthokonta	o__Polyporales	f__Polyporaceae	g__Trametes	s__Trametes_conchifer
JX310445.1	k__Eukaryota	p__Basidiomycota	c__Opisthokonta	o__Trechisporales	f__unidentified	g__Sistotremastrum	s__Sistotremastrum_guttuliferum
JQ948457.1	k__Eukaryota	p__Ascomycota	c__sordariomyceta	o__Glomerellales	f__Glomerellaceae	g__Colletotrichum	s__Colletotrichum_rhombiforme
HQ435870.1	k__Eukaryota	p__Basidiomycota	c__Opisthokonta	o__Polyporales	f__Polyporaceae	g__Trametes	s__Trametes_pubescens
MK733257.1	k__Eukaryota	p__Ascomycota	c__sordariomyceta	o__Diaporthales	f__Diaporthaceae	g__Diaporthe	s__Diaporthe_paranensis
MT385947.1	k__Eukaryota	p__Ascomycota	c__sordariomyceta	o__Diaporthales	f__Diaporthaceae	g__Diaporthe	s__Diaporthe_constrictospora
DQ780364.1	k__Eukaryota	p__Ascomycota	c__dothideomyceta	o__Cladosporiales	f__Cladosporiaceae	g__Cladosporium	s__Cladosporium_halotolerans
LC275192.1	k__Eukaryota	p__Ascomycota	c__sordariomyceta	o__Diaporthales	f__Diaporthaceae	g__Diaporthe	s__Diaporthe_toxicodendri
KC343172.1	k__Eukaryota	p__Ascomycota	c__sordariomyceta	o__Diaporthales	f__Diaporthaceae	g__Diaporthe	s__Diaporthe_perjuncta
FR748036.1	k__Eukaryota	p__Ascomycota	c__sordariomyceta	o__Diaporthales	f__Diaporthaceae	g__Phaeocytostroma	s__Phaeocytostroma_ambiguum
OL614712.1	k__Eukaryota	p__Basidiomycota	c__Opisthokonta	o__Erythrobasidiales	f__Erythrobasidiaceae	g__Erythrobasidium	s__Erythrobasidium_hasegawianum
MH305526.1	k__Eukaryota	p__Ascomycota	c__sordariomyceta	o__Diaporthales	f__Diaporthaceae	g__Diaporthe	s__Diaporthe_tectonigena
KR870853.1	k__Eukaryota	p__Ascomycota	c__sordariomyceta	o__Diaporthales	f__Diaporthaceae	g__Diaporthe	s__Diaporthe_angelicae
EU167597.1	k__Eukaryota	p__Ascomycota	c__dothideomyceta	o__Mycosphaerellales	f__Mycosphaerellaceae	g__Mycosphaerella	s__Mycosphaerella_flageoletiana
MK539998.1	k__Eukaryota	p__Ascomycota	c__dothideomyceta	o__Pleosporales	f__Pleosporaceae	g__Pyrenophora	s__Pyrenophora_poae
MN784447.1	k__Eukaryota	p__Oomycota	c__Stramenopiles	o__Peronosporales	f__Peronosporaceae	g__Peronospora	s__Peronospora_viciae
KF251253.1	k__Eukaryota	p__Ascomycota	c__dothideomyceta	o__Mycosphaerellales	f__Mycosphaerellaceae	g__Sphaerulina	s__Sphaerulina_pseudovirgaureae
JQ936290.1	k__Eukaryota	p__Ascomycota	c__dothideomyceta	o__Pleosporales	f__Pleosporaceae	g__Stemphylium	s__Stemphylium_solani
MK736987.1	k__Eukaryota	p__Basidiomycota	c__Opisthokonta	o__Polyporales	f__Polyporaceae	g__Trametes	s__Trametes_socotrana
KU728502.1	k__Eukaryota	p__Ascomycota	c__dothideomyceta	o__Dothideales	f__Dothioraceae	g__Dothiora	s__Dothiora_elliptica
KX887280.1	k__Eukaryota	p__Ascomycota	c__dothideomyceta	o__Myriangiales	f__Elsinoaceae	g__Elsinoe	s__Elsinoe_rhois
KX887229.1	k__Eukaryota	p__Ascomycota	c__dothideomyceta	o__Myriangiales	f__Elsinoaceae	g__Elsinoe	s__Elsinoe_glycines
MK329123.1	k__Eukaryota	p__Ascomycota	c__sordariomyceta	o__Hypocreales	f__Nectriaceae	g__Paracremonium	s__Paracremonium_apiculatum
JQ685518.1	k__Eukaryota	p__Ascomycota	c__sordariomyceta	o__Diaporthales	f__Erythrogloeaceae	g__Disculoides	s__Disculoides_eucalyptorum
MW732248.1	k__Eukaryota	p__Ascomycota	c__sordariomyceta	o__Xylariales	f__Sporocadaceae	g__Pestalotiopsis	s__Pestalotiopsis_iberica
MH392087.1	k__Eukaryota	p__Ascomycota	c__sordariomyceta	o__Helotiales	f__Rutstroemiaceae	g__Clarireedia	s__Clarireedia_paspali
KC537804.1	k__Eukaryota	p__Ascomycota	c__sordariomyceta	o__Xylariales	f__Sporocadaceae	g__Pestalotiopsis	s__Pestalotiopsis_rhododendri
JN205976.1	k__Eukaryota	p__Mucoromycota	c__Opisthokonta	o__Mucorales	f__Mucoraceae	g__Mucor	s__Mucor_ctenidius
U34581.1	k__Eukaryota	p__Ascomycota	c__sordariomyceta	o__Hypocreales	f__Nectriaceae	g__Fusarium	s__Fusarium_buharicum
KX228274.1	k__Eukaryota	p__Ascomycota	c__sordariomyceta	o__Diaporthales	f__unidentified	g__Prosopidicola	s__Prosopidicola_albizziae
KM231836.1	k__Eukaryota	p__Ascomycota	c__sordariomyceta	o__Hypocreales	f__Nectriaceae	g__Allantonectria	s__Allantonectria_miltina
JF704194.1	k__Eukaryota	p__Ascomycota	c__sordariomyceta	o__Diaporthales	f__Tubakiaceae	g__Tubakia	s__Tubakia_iowensis
MK314562.1	k__Eukaryota	p__Ascomycota	c__sordariomyceta	o__Phacidiales	f__unidentified	g__Variabilispora	s__Variabilispora_flava
JQ005767.1	k__Eukaryota	p__Ascomycota	c__sordariomyceta	o__Glomerellales	f__Glomerellaceae	g__Colletotrichum	s__Colletotrichum_graminicola
U94678.1	k__Eukaryota	p__Ascomycota	c__sordariomyceta	o__Hypocreales	f__Nectriaceae	g__Fusarium	s__Fusarium_breviconum
JQ926266.1	k__Eukaryota	p__Ascomycota	c__sordariomyceta	o__Diaporthales	f__Melanconiellaceae	g__Melanconiella	s__Melanconiella_elegans
EF652066.1	k__Eukaryota	p__Ascomycota	c__leotiomyceta	o__Eurotiales	f__Aspergillaceae	g__Aspergillus	s__Aspergillus_ruber
AF229457.1	k__Eukaryota	p__Ascomycota	c__dothideomyceta	o__Pleosporales	f__Pleosporaceae	g__Alternaria	s__Alternaria_cheiranthi
MT185549.1	k__Eukaryota	p__Ascomycota	c__dothideomyceta	o__Pleosporales	f__Dictyosporiaceae	g__Pseudocoleophoma	s__Pseudocoleophoma_rusci
KM235691.1	k__Eukaryota	p__Basidiomycota	c__Opisthokonta	o__Malasseziales	f__Malasseziaceae	g__Malassezia	s__Malassezia_arunalokei
KC584201.1	k__Eukaryota	p__Ascomycota	c__dothideomyceta	o__Pleosporales	f__Pleosporaceae	g__Alternaria	s__Alternaria_japonica
KJ490587.1	k__Eukaryota	p__Ascomycota	c__sordariomyceta	o__Diaporthales	f__Diaporthaceae	g__Diaporthe	s__Diaporthe_unshiuensis
KP281259.1	k__Eukaryota	p__Ascomycota	c__sordariomyceta	o__Diaporthales	f__Valsaceae	g__Cytospora	s__Cytospora_pruinopsis
MH858565.1	k__Eukaryota	p__Ascomycota	c__dothideomyceta	o__Muyocopronales	f__unidentified	g__Arxiella	s__Arxiella_terrestris
FJ860788.1	k__Eukaryota	p__Ascomycota	c__sordariomyceta	o__Hypocreales	f__Hypocreaceae	g__Trichoderma	s__Trichoderma_neorufoides
KM669931.1	k__Eukaryota	p__Ascomycota	c__sordariomyceta	o__Diaporthales	f__Diaporthaceae	g__Diaporthe	s__Diaporthe_benedicti
LT837470.1	k__Eukaryota	p__Ascomycota	c__dothideomyceta	o__Pleosporales	f__Pleosporaceae	g__Exserohilum	s__Exserohilum_minor
MH171064.1	k__Eukaryota	p__Ascomycota	c__sordariomyceta	o__Diaporthales	f__Diaporthaceae	g__Diaporthe	s__Diaporthe_ilicicola
KR859213.1	k__Eukaryota	p__Ascomycota	c__sordariomyceta	o__Helotiales	f__Dermateaceae	g__Pezicula	s__Pezicula_neocinnamomea
MN818665.1	k__Eukaryota	p__Ascomycota	c__sordariomyceta	o__Diaporthales	f__Pseudoplagiostomataceae	g__Pseudoplagiostoma	s__Pseudoplagiostoma_mangiferae
DQ323697.1	k__Eukaryota	p__Ascomycota	c__dothideomyceta	o__Pleosporales	f__Pleosporaceae	g__Alternaria	s__Alternaria_infectoria
KY051832.1	k__Eukaryota	p__Ascomycota	c__sordariomyceta	o__Diaporthales	f__Valsaceae	g__Cytospora	s__Cytospora_valsoidea
KF251229.1	k__Eukaryota	p__Ascomycota	c__dothideomyceta	o__Mycosphaerellales	f__Mycosphaerellaceae	g__Ruptoseptoria	s__Ruptoseptoria_unedonis
KY929338.1	k__Eukaryota	p__Ascomycota	c__sordariomyceta	o__Diaporthales	f__Cryphonectriaceae	g__Chrysomorbus	s__Chrysomorbus_lagerstroemiae
MG520952.1	k__Eukaryota	p__Ascomycota	c__dothideomyceta	o__Pleosporales	f__Phaeosphaeriaceae	g__Pseudoophiobolus	s__Pseudoophiobolus_rosae
AF393726.2	k__Eukaryota	p__Ascomycota	c__sordariomyceta	o__Helotiales	f__Amorphothecaceae	g__Amorphotheca	s__Amorphotheca_resinae
MN263600.1	k__Eukaryota	p__Ascomycota	c__sordariomyceta	o__Diaporthales	f__Cryphonectriaceae	g__Chrysoporthe	s__Chrysoporthe_deuterocubensis
KX525686.1	k__Eukaryota	p__Basidiomycota	c__Opisthokonta	o__Sporidiobolales	f__Sporidiobolaceae	g__Rhodotorula	s__Rhodotorula_kratochvilovae
OL752704.1	k__Eukaryota	p__Ascomycota	c__sordariomyceta	o__Helotiales	f__unidentified	g__Gorgoniceps	s__Gorgoniceps_aridula
MW191781.1	k__Eukaryota	p__Ascomycota	c__sordariomyceta	o__Hypocreales	f__Hypocreaceae	g__Hypomyces	s__Hypomyces_papulasporae
JQ862765.1	k__Eukaryota	p__Ascomycota	c__sordariomyceta	o__Diaporthales	f__Cryphonectriaceae	g__Immersiporthe	s__Immersiporthe_knoxdaviesiana
AF444354.1	k__Eukaryota	p__Basidiomycota	c__Opisthokonta	o__Filobasidiales	f__Filobasidiaceae	g__Filobasidium	s__Filobasidium_chernovii
MH484005.1	k__Eukaryota	p__Ascomycota	c__dothideomyceta	o__Pleosporales	f__Pleosporaceae	g__Curvularia	s__Curvularia_akaii
KY703619.1	k__Eukaryota	p__Ascomycota	c__dothideomyceta	o__Pleosporales	f__Didymellaceae	g__Epicoccum	s__Epicoccum_thailandicum
HQ897830.1	k__Eukaryota	p__Ascomycota	c__sordariomyceta	o__Hypocreales	f__Nectriaceae	g__Fusarium	s__Fusarium_sublunatum
KP965485.1	k__Eukaryota	p__Ascomycota	c__dothideomyceta	o__Dothideales	f__Saccotheciaceae	g__Aureobasidium	s__Aureobasidium_thailandense
MH859510.1	k__Eukaryota	p__Ascomycota	c__sordariomyceta	o__Hypocreales	f__unidentified	g__Emericellopsis	s__Emericellopsis_robusta
GU237794.1	k__Eukaryota	p__Ascomycota	c__dothideomyceta	o__Pleosporales	f__Didymellaceae	g__Didymella	s__Didymella_exigua
OM959577.1	k__Eukaryota	p__Ascomycota	c__sordariomyceta	o__Hypocreales	f__Nectriaceae	g__Fusarium	s__Fusarium_verticillioides
EU118622.1	k__Eukaryota	p__Basidiomycota	c__Opisthokonta	o__Agaricales	f__Cystostereaceae	g__Crustomyces	s__Crustomyces_laminiferus
MN082417.1	k__Eukaryota	p__Ascomycota	c__dothideomyceta	o__Pleosporales	f__Phaeosphaeriaceae	g__Ophiosphaerella	s__Ophiosphaerella_taiwanica
GU237795.1	k__Eukaryota	p__Ascomycota	c__dothideomyceta	o__Pleosporales	f__Didymellaceae	g__Epicoccum	s__Epicoccum_draconis
MW536994.1	k__Eukaryota	p__Ascomycota	c__dothideomyceta	o__Pleosporales	f__Phaeosphaeriaceae	g__Ophiosphaerella	s__Ophiosphaerella_narmari
MN215703.1	k__Eukaryota	p__Ascomycota	c__dothideomyceta	o__Pleosporales	f__Pleosporaceae	g__Curvularia	s__Curvularia_saccharicola
MW016559.1	k__Eukaryota	p__Ascomycota	c__sordariomyceta	o__Hypocreales	f__Nectriaceae	g__Fusarium	s__Fusarium_stilboides
MT185527.1	k__Eukaryota	p__Ascomycota	c__dothideomyceta	o__Pleosporales	f__Didymellaceae	g__Neoascochyta	s__Neoascochyta_dactylidis
KJ869114.1	k__Eukaryota	p__Ascomycota	c__dothideomyceta	o__Pleosporales	f__Phaeosphaeriaceae	g__Phaeosphaeria	s__Phaeosphaeria_poagena
AJ301940.1	k__Eukaryota	p__Ascomycota	c__sordariomyceta	o__Glomerellales	f__Glomerellaceae	g__Colletotrichum	s__Colletotrichum_pisi
GU237890.1	k__Eukaryota	p__Ascomycota	c__dothideomyceta	o__Pleosporales	f__Didymellaceae	g__Stagonosporopsis	s__Stagonosporopsis_loticola
JQ828908.1	k__Eukaryota	p__Basidiomycota	c__Opisthokonta	o__Hymenochaetales	f__Hymenochaetaceae	g__Phellinus	s__Phellinus_piceicola
KX228265.1	k__Eukaryota	p__Ascomycota	c__dothideomyceta	o__Pleosporales	f__Parapyrenochaetaceae	g__Parapyrenochaeta	s__Parapyrenochaeta_acaciae
MN973540.1	k__Eukaryota	p__Ascomycota	c__dothideomyceta	o__Pleosporales	f__Didymellaceae	g__Didymella	s__Didymella_subrosea
AF314985.1	k__Eukaryota	p__Basidiomycota	c__Opisthokonta	o__Tremellales	f__Bulleraceae	g__Bullera	s__Bullera_coprosmae
KX017208.1	k__Eukaryota	p__Basidiomycota	c__Opisthokonta	o__Agaricales	f__Psathyrellaceae	g__Coprinopsis	s__Coprinopsis_afronivea
MH740898.1	k__Eukaryota	p__Ascomycota	c__sordariomyceta	o__Xylariales	f__Microdochiaceae	g__Microdochium	s__Microdochium_poae
KP131532.1	k__Eukaryota	p__Ascomycota	c__sordariomyceta	o__Hypocreales	f__unidentified	g__Emericellopsis	s__Emericellopsis_tubakii
LC507463.1	k__Eukaryota	p__Basidiomycota	c__Opisthokonta	o__Cantharellales	f__Clavulinaceae	g__Multiclavula	s__Multiclavula_vernalis
FJ427049.1	k__Eukaryota	p__Ascomycota	c__dothideomyceta	o__Pleosporales	f__Didymellaceae	g__Epicoccum	s__Epicoccum_pimprinum
MH861763.1	k__Eukaryota	p__Ascomycota	c__dothideomyceta	o__Pleosporales	f__Phaeosphaeriaceae	g__Septoriella	s__Septoriella_leuchtmannii
MK256970.1	k__Eukaryota	p__Ascomycota	c__sordariomyceta	o__Hypocreales	f__Nectriaceae	g__Fusarium	s__Fusarium_xylarioides
MZ509541.1	k__Eukaryota	p__Ascomycota	c__sordariomyceta	o__Hypocreales	f__Nectriaceae	g__Fusarium	s__Fusarium_ruscicola
AB214900.1	k__Eukaryota	p__Basidiomycota	c__Opisthokonta	o__Agaricales	f__Phyllotopsidaceae	g__Pleurocybella	s__Pleurocybella_porrigens
MZ997381.1	k__Eukaryota	p__Basidiomycota	c__Opisthokonta	o__Agaricales	f__Psathyrellaceae	g__Coprinopsis	s__Coprinopsis_pulchricaerulea
AF439496.1	k__Eukaryota	p__Ascomycota	c__dothideomyceta	o__Pleosporales	f__Phaeosphaeriaceae	g__Juncaceicola	s__Juncaceicola_padellana
KF251179.1	k__Eukaryota	p__Ascomycota	c__dothideomyceta	o__Pleosporales	f__Phaeosphaeriaceae	g__Parastagonospora	s__Parastagonospora_poae
MG520948.1	k__Eukaryota	p__Ascomycota	c__dothideomyceta	o__Pleosporales	f__Phaeosphaeriaceae	g__Pseudoophiobolus	s__Pseudoophiobolus_italicus
MK876378.1	k__Eukaryota	p__Ascomycota	c__dothideomyceta	o__Pleosporales	f__Didymellaceae	g__Calophoma	s__Calophoma_sandfjordenica
KY554204.1	k__Eukaryota	p__Ascomycota	c__dothideomyceta	o__Pleosporales	f__Leptosphaeriaceae	g__Subplenodomus	s__Subplenodomus_galicola
AY220610.1	k__Eukaryota	p__Ascomycota	c__dothideomyceta	o__Dothideales	f__Dothideaceae	g__Scleroconidioma	s__Scleroconidioma_sphagnicola
MG828956.1	k__Eukaryota	p__Ascomycota	c__dothideomyceta	o__Pleosporales	f__Phaeosphaeriaceae	g__Sclerostagonospora	s__Sclerostagonospora_rosae
MH864418.1	k__Eukaryota	p__Basidiomycota	c__Opisthokonta	o__Cantharellales	f__Ceratobasidiaceae	g__Ceratobasidium	s__Ceratobasidium_ramicola
KR873249.1	k__Eukaryota	p__Ascomycota	c__dothideomyceta	o__Pleosporales	f__Phaeosphaeriaceae	g__Septoriella	s__Septoriella_hirta
AF229488.1	k__Eukaryota	p__Ascomycota	c__dothideomyceta	o__Pleosporales	f__Pleosporaceae	g__Alternaria	s__Alternaria_chartarum
AB594795.1	k__Eukaryota	p__Ascomycota	c__sordariomyceta	o__Xylariales	f__Amphisphaeriaceae	g__Discostroma	s__Discostroma_tostum
MW723619.1	k__Eukaryota	p__Basidiomycota	c__Opisthokonta	o__Corticiales	f__Corticiaceae	g__Sistotrema	s__Sistotrema_brinkmannii
JX118740.1	k__Eukaryota	p__Basidiomycota	c__Opisthokonta	o__Agaricales	f__Psathyrellaceae	g__Coprinopsis	s__Coprinopsis_fusispora
KY090653.1	k__Eukaryota	p__Ascomycota	c__dothideomyceta	o__Pleosporales	f__Leptosphaeriaceae	g__Ampelomyces	s__Ampelomyces_quisqualis
KY285005.1	k__Eukaryota	p__Basidiomycota	c__Opisthokonta	o__Sporidiobolales	f__Sporidiobolaceae	g__Rhodotorula	s__Rhodotorula_ngohengohe
HM562164.1	k__Eukaryota	p__Basidiomycota	c__Opisthokonta	o__Agaricales	f__Pluteaceae	g__Pluteus	s__Pluteus_puttemansii
HQ897820.1	k__Eukaryota	p__Ascomycota	c__sordariomyceta	o__Hypocreales	f__Nectriaceae	g__Microcera	s__Microcera_rubra
MW114318.1	k__Eukaryota	p__Ascomycota	c__sordariomyceta	o__Xylariales	f__Apiosporaceae	g__Nigrospora	s__Nigrospora_macarangae
MK953252.1	k__Eukaryota	p__Basidiomycota	c__Opisthokonta	o__Agaricales	f__Pterulaceae	g__Myrmecopterula	s__Myrmecopterula_moniliformis
KM376396.1	k__Eukaryota	p__Basidiomycota	c__Opisthokonta	o__Tremellales	f__Bulleribasidiaceae	g__Vishniacozyma	s__Vishniacozyma_dimennae
JF499847.1	k__Eukaryota	p__Ascomycota	c__dothideomyceta	o__Cladosporiales	f__Cladosporiaceae	g__Toxicocladosporium	s__Toxicocladosporium_pseudovelox
HM629960.1	k__Eukaryota	p__Ascomycota	c__sordariomyceta	o__Hypocreales	f__Nectriaceae	g__Fusarium	s__Fusarium_compactum
KC992967.1	k__Eukaryota	p__Basidiomycota	c__Opisthokonta	o__Agaricales	f__Psathyrellaceae	g__Coprinopsis	s__Coprinopsis_udicola
U34582.1	k__Eukaryota	p__Ascomycota	c__sordariomyceta	o__Hypocreales	f__Nectriaceae	g__Fusarium	s__Fusarium_beomiforme
AJ427403.1	k__Eukaryota	p__Basidiomycota	c__Opisthokonta	o__Cantharellales	f__Ceratobasidiaceae	g__Ceratobasidium	s__Ceratobasidium_angustisporum
EU434836.1	k__Eukaryota	p__Ascomycota	c__sordariomyceta	o__Helotiales	f__Mollisiaceae	g__Phialocephala	s__Phialocephala_piceae
MT215495.1	k__Eukaryota	p__Ascomycota	c__sordariomyceta	o__Hypocreales	f__Nectriaceae	g__Fusarium	s__Fusarium_cassiae
JF907839.1	k__Eukaryota	p__Basidiomycota	c__Opisthokonta	o__Agaricales	f__Psathyrellaceae	g__Parasola	s__Parasola_hercules
MF511131.1	k__Eukaryota	p__Basidiomycota	c__Opisthokonta	o__Agaricales	f__Agaricaceae	g__Agaricus	s__Agaricus_martinicensis
KC291747.1	k__Eukaryota	p__Ascomycota	c__sordariomyceta	o__Hypocreales	f__Nectriaceae	g__Cosmospora	s__Cosmospora_flavoviridis
KY568986.1	k__Eukaryota	p__Ascomycota	c__dothideomyceta	o__Pleosporales	f__Phaeosphaeriaceae	g__Neosetophoma	s__Neosetophoma_poaceicola
HE792942.1	k__Eukaryota	p__Ascomycota	c__dothideomyceta	o__Pleosporales	f__Pleosporaceae	g__Bipolaris	s__Bipolaris_yamadae
KJ569513.1	k__Eukaryota	p__Ascomycota	c__sordariomyceta	o__Xylariales	f__Microdochiaceae	g__Microdochium	s__Microdochium_paspali
JN995638.1	k__Eukaryota	p__Ascomycota	c__dothideomyceta	o__Pleosporales	f__Melanommataceae	g__Pleotrichocladium	s__Pleotrichocladium_opacum
MH862963.1	k__Eukaryota	p__Ascomycota	c__dothideomyceta	o__Pleosporales	f__Didymellaceae	g__Heterophoma	s__Heterophoma_adonidis
KP004452.1	k__Eukaryota	p__Ascomycota	c__dothideomyceta	o__Pleosporales	f__Phaeosphaeriaceae	g__Phaeosphaeria	s__Phaeosphaeria_podocarpi
AF444349.1	k__Eukaryota	p__Basidiomycota	c__Opisthokonta	o__Filobasidiales	f__Filobasidiaceae	g__Filobasidium	s__Filobasidium_oeirense
KJ443356.1	k__Eukaryota	p__Ascomycota	c__dothideomyceta	o__Pleosporales	f__Didymellaceae	g__Phoma	s__Phoma_commelinicola
FJ427048.1	k__Eukaryota	p__Ascomycota	c__dothideomyceta	o__Pleosporales	f__Didymellaceae	g__Neoascochyta	s__Neoascochyta_paspali
JN712454.1	k__Eukaryota	p__Ascomycota	c__dothideomyceta	o__Pleosporales	f__Didymosphaeriaceae	g__Verrucoconiothyrium	s__Verrucoconiothyrium_nitidae
KU845983.1	k__Eukaryota	p__Ascomycota	c__sordariomyceta	o__Hypocreales	f__Stachybotryaceae	g__Alfaria	s__Alfaria_caricicola
MK539965.1	k__Eukaryota	p__Ascomycota	c__dothideomyceta	o__Pleosporales	f__Phaeosphaeriaceae	g__Septoriella	s__Septoriella_germanica
KY090635.1	k__Eukaryota	p__Ascomycota	c__dothideomyceta	o__Pleosporales	f__Phaeosphaeriaceae	g__Phaeosphaeriopsis	s__Phaeosphaeriopsis_agavensis
MT371091.1	k__Eukaryota	p__Ascomycota	c__dothideomyceta	o__Pleosporales	f__Phaeosphaeriaceae	g__Paraphoma	s__Paraphoma_ledniceana
KP859009.1	k__Eukaryota	p__Ascomycota	c__sordariomyceta	o__Xylariales	f__Microdochiaceae	g__Microdochium	s__Microdochium_tainanense
MH862851.1	k__Eukaryota	p__Ascomycota	c__dothideomyceta	o__Pleosporales	f__Phaeosphaeriaceae	g__Phaeosphaeriopsis	s__Phaeosphaeriopsis_amblyospora
MT026475.1	k__Eukaryota	p__Ascomycota	c__sordariomyceta	o__Helotiales	f__Vibrisseaceae	g__Vibrissea	s__Vibrissea_pezizoides
MH498520.2	k__Eukaryota	p__Ascomycota	c__sordariomyceta	o__Xylariales	f__Apiosporaceae	g__Arthrinium	s__Arthrinium_agari
MH554131.1	k__Eukaryota	p__Ascomycota	c__sordariomyceta	o__Xylariales	f__Sporocadaceae	g__Discosia	s__Discosia_rubi
KU846452.1	k__Eukaryota	p__Ascomycota	c__sordariomyceta	o__Hypocreales	f__Stachybotryaceae	g__Myrothecium	s__Myrothecium_inundatum
MK560161.1	k__Eukaryota	p__Ascomycota	c__dothideomyceta	o__Pleosporales	f__Phaeosphaeriaceae	g__Septoriella	s__Septoriella_pseudophragmitis
KU751777.1	k__Eukaryota	p__Basidiomycota	c__Opisthokonta	o__Agaricales	f__Entolomataceae	g__Clitopilus	s__Clitopilus_fusiformis
KT217364.1	k__Eukaryota	p__Basidiomycota	c__Opisthokonta	o__Agaricales	f__Hymenogastraceae	g__Hebeloma	s__Hebeloma_matritense
KU847246.1	k__Eukaryota	p__Ascomycota	c__sordariomyceta	o__Hypocreales	f__Stachybotryaceae	g__Xenomyrothecium	s__Xenomyrothecium_tongaense
MK539957.1	k__Eukaryota	p__Ascomycota	c__dothideomyceta	o__Pleosporales	f__Phaeosphaeriaceae	g__Parastagonospora	s__Parastagonospora_novozelandica
LR583730.1	k__Eukaryota	p__Ascomycota	c__sordariomyceta	o__Hypocreales	f__Nectriaceae	g__Fusarium	s__Fusarium_lichenicola
KP859015.1	k__Eukaryota	p__Ascomycota	c__sordariomyceta	o__Xylariales	f__Microdochiaceae	g__Microdochium	s__Microdochium_fisheri
MN265834.1	k__Eukaryota	p__Basidiomycota	c__Opisthokonta	o__Cantharellales	f__Ceratobasidiaceae	g__Rhizoctonia	s__Rhizoctonia_bicornis
MW709918.1	k__Eukaryota	p__Basidiomycota	c__Opisthokonta	o__Tremellales	f__Bulleraceae	g__Bullera	s__Bullera_alba
JX205092.1	k__Eukaryota	p__Ascomycota	c__dothideomyceta	o__Dothideales	f__Saccotheciaceae	g__Aureobasidium	s__Aureobasidium_iranianum
GU237792.1	k__Eukaryota	p__Ascomycota	c__dothideomyceta	o__Pleosporales	f__Didymellaceae	g__Stagonosporopsis	s__Stagonosporopsis_astragali
AY677291.1	k__Eukaryota	p__Ascomycota	c__sordariomyceta	o__Hypocreales	f__Nectriaceae	g__Neonectria	s__Neonectria_candida
MN475152.1	k__Eukaryota	p__Basidiomycota	c__Opisthokonta	o__Russulales	f__Peniophoraceae	g__Peniophora	s__Peniophora_cinerea
MH859838.1	k__Eukaryota	p__Ascomycota	c__dothideomyceta	o__Pleosporales	f__Pleosporaceae	g__Curvularia	s__Curvularia_deightonii
KU355364.1	k__Eukaryota	p__Basidiomycota	c__Opisthokonta	o__Agaricales	f__Tricholomataceae	g__Resupinatus	s__Resupinatus_europaeus
MG828927.1	k__Eukaryota	p__Ascomycota	c__dothideomyceta	o__Pleosporales	f__Phaeosphaeriaceae	g__Neosetophoma	s__Neosetophoma_rosarum
MZ343574.1	k__Eukaryota	p__Ascomycota	c__sordariomyceta	o__Hypocreales	f__Nectriaceae	g__Fusarium	s__Fusarium_venenatum
HM245331.1	k__Eukaryota	p__Ascomycota	c__sordariomyceta	o__Hypocreales	f__Nectriaceae	g__Dactylonectria	s__Dactylonectria_macrodidyma
KX986135.1	k__Eukaryota	p__Ascomycota	c__sordariomyceta	o__Hypocreales	f__Nectriaceae	g__Mariannaea	s__Mariannaea_cinerea
MG520953.1	k__Eukaryota	p__Ascomycota	c__dothideomyceta	o__Pleosporales	f__Phaeosphaeriaceae	g__Pseudoophiobolus	s__Pseudoophiobolus_subhyalinisporus
MN897829.1	k__Eukaryota	p__Basidiomycota	c__Opisthokonta	o__Agaricales	f__Omphalotaceae	g__Collybiopsis	s__Collybiopsis_hasanskyensis
KY680667.1	k__Eukaryota	p__Basidiomycota	c__Opisthokonta	o__Agaricales	f__Strophariaceae	g__Galerina	s__Galerina_jaapii
MT215496.1	k__Eukaryota	p__Ascomycota	c__sordariomyceta	o__Hypocreales	f__Nectriaceae	g__Fusarium	s__Fusarium_magnoliae-champaca
JF740221.1	k__Eukaryota	p__Ascomycota	c__dothideomyceta	o__Pleosporales	f__Leptosphaeriaceae	g__Leptosphaeria	s__Leptosphaeria_etheridgei
MW477883.1	k__Eukaryota	p__Ascomycota	c__sordariomyceta	o__Diaporthales	f__Diaporthaceae	g__Diaporthe	s__Diaporthe_zaofenghuang
AF210674.1	k__Eukaryota	p__Ascomycota	c__sordariomyceta	o__Hypocreales	f__Bionectriaceae	g__Clonostachys	s__Clonostachys_miodochialis
MG828928.1	k__Eukaryota	p__Ascomycota	c__dothideomyceta	o__Pleosporales	f__Phaeosphaeriaceae	g__Neosetophoma	s__Neosetophoma_rosigena
MT741711.1	k__Eukaryota	p__Basidiomycota	c__Opisthokonta	o__Corticiales	f__Corticiaceae	g__Entomocorticium	s__Entomocorticium_portiae
KT268618.1	k__Eukaryota	p__Ascomycota	c__sordariomyceta	o__Helotiales	f__unidentified	g__Cadophora	s__Cadophora_ferruginea
MT223812.1	k__Eukaryota	p__Ascomycota	c__dothideomyceta	o__Pleosporales	f__Leptosphaeriaceae	g__Longiseptatispora	s__Longiseptatispora_curvata
MF434196.1	k__Eukaryota	p__Ascomycota	c__dothideomyceta	o__Pleosporales	f__Coniothyriaceae	g__Staurosphaeria	s__Staurosphaeria_lycii
KT389526.1	k__Eukaryota	p__Ascomycota	c__dothideomyceta	o__Pleosporales	f__Didymellaceae	g__Neoascochyta	s__Neoascochyta_tardicrescens
KU604037.1	k__Eukaryota	p__Ascomycota	c__sordariomyceta	o__Hypocreales	f__Nectriaceae	g__Fusarium	s__Fusarium_acutatum
MG828953.1	k__Eukaryota	p__Ascomycota	c__dothideomyceta	o__Pleosporales	f__Didymosphaeriaceae	g__Pseudopithomyces	s__Pseudopithomyces_rosae
KU850546.1	k__Eukaryota	p__Ascomycota	c__dothideomyceta	o__Pleosporales	f__Pleosporaceae	g__Stemphylium	s__Stemphylium_eturmiunum
JN601032.1	k__Eukaryota	p__Ascomycota	c__dothideomyceta	o__Pleosporales	f__Pleosporaceae	g__Bipolaris	s__Bipolaris_microlaenae
MH862301.1	k__Eukaryota	p__Basidiomycota	c__Opisthokonta	o__Russulales	f__Peniophoraceae	g__Peniophora	s__Peniophora_fissilis
MW862356.1	k__Eukaryota	p__Basidiomycota	c__Opisthokonta	o__Amylocorticiales	f__Amylocorticiaceae	g__Plicaturopsis	s__Plicaturopsis_crispa
MZ063054.1	k__Eukaryota	p__Basidiomycota	c__Opisthokonta	o__Polyporales	f__Phanerochaetaceae	g__Bjerkandera	s__Bjerkandera_adusta
KT711014.1	k__Eukaryota	p__Basidiomycota	c__Opisthokonta	o__Polyporales	f__Adustoporiaceae	g__Resinoporia	s__Resinoporia_ladiana
MH862528.1	k__Eukaryota	p__Basidiomycota	c__Opisthokonta	o__Russulales	f__Peniophoraceae	g__Peniophora	s__Peniophora_gilbertsonii
MH862318.1	k__Eukaryota	p__Basidiomycota	c__Opisthokonta	o__Corticiales	f__Corticiaceae	g__Duportella	s__Duportella_kuehneroides
MH862625.1	k__Eukaryota	p__Basidiomycota	c__Opisthokonta	o__Corticiales	f__Corticiaceae	g__Duportella	s__Duportella_rhoica
L76482.1	k__Eukaryota	p__Basidiomycota	c__Opisthokonta	o__Pucciniales	f__Coleosporiaceae	g__Cronartium	s__Cronartium_strobilinum
AF444441.1	k__Eukaryota	p__Basidiomycota	c__Opisthokonta	o__Tremellales	f__Bulleraceae	g__Bullera	s__Bullera_unica
MK346145.1	k__Eukaryota	p__Basidiomycota	c__Opisthokonta	o__Hymenochaetales	f__Rickenellaceae	g__Sidera	s__Sidera_parallela
KC585397.1	k__Eukaryota	p__Basidiomycota	c__Opisthokonta	o__Polyporales	f__Postiaceae	g__Osteina	s__Osteina_undosa
MH862302.1	k__Eukaryota	p__Basidiomycota	c__Opisthokonta	o__Russulales	f__Peniophoraceae	g__Peniophora	s__Peniophora_subsalmonea
KX578073.1	k__Eukaryota	p__Basidiomycota	c__Opisthokonta	o__Russulales	f__Stereaceae	g__Xylobolus	s__Xylobolus_subpileatus
MT741713.1	k__Eukaryota	p__Basidiomycota	c__Opisthokonta	o__Corticiales	f__Corticiaceae	g__Entomocorticium	s__Entomocorticium_whitneyi
AB809634.1	k__Eukaryota	p__Ascomycota	c__dothideomyceta	o__Pleosporales	f__Dictyosporiaceae	g__Pseudocoleophoma	s__Pseudocoleophoma_polygonicola
LR993310.1	k__Eukaryota	p__Ascomycota	c__dothideomyceta	o__Pleosporales	f__Phaeosphaeriaceae	g__Paraphoma	s__Paraphoma_variabilis
AF492089.1	k__Eukaryota	p__Ascomycota	c__Opisthokonta	o__Taphrinales	f__Taphrinaceae	g__Taphrina	s__Taphrina_confusa
AB025686.1	k__Eukaryota	p__Basidiomycota	c__Opisthokonta	o__Entylomatales	f__unidentified	g__Tilletiopsis	s__Tilletiopsis_washingtonensis
MK050390.1	k__Eukaryota	p__Basidiomycota	c__Opisthokonta	o__Cystobasidiales	f__Cystobasidiaceae	g__Cystobasidium	s__Cystobasidium_terricola
MG590083.1	k__Eukaryota	p__Ascomycota	c__leotiomyceta	o__Chaetothyriales	f__Herpotrichiellaceae	g__Exophiala	s__Exophiala_xenobiotica
KT215271.1	k__Eukaryota	p__Ascomycota	c__saccharomyceta	o__Orbiliales	f__Orbiliaceae	g__Orbilia	s__Orbilia_clavuliformis
HQ643127.1	k__Eukaryota	p__Oomycota	c__Stramenopiles	o__Saprolegniales	f__Saprolegniaceae	g__Brevilegnia	s__Brevilegnia_gracilis
KF251641.1	k__Eukaryota	p__Ascomycota	c__dothideomyceta	o__Mycosphaerellales	f__Mycosphaerellaceae	g__Sphaerulina	s__Sphaerulina_westendorpii
MZ668718.1	k__Eukaryota	p__Basidiomycota	c__Opisthokonta	o__Polyporales	f__Polyporaceae	g__Trametes	s__Trametes_gibbosa
MW015778.1	k__Eukaryota	p__Basidiomycota	c__Opisthokonta	o__Malasseziales	f__Malasseziaceae	g__Malassezia	s__Malassezia_globosa
KC193586.1	k__Eukaryota	p__Ascomycota	c__dothideomyceta	o__Botryosphaeriales	f__Phyllostictaceae	g__Phyllosticta	s__Phyllosticta_ampelicida
KF573010.1	k__Eukaryota	p__Basidiomycota	c__Opisthokonta	o__Polyporales	f__Polyporaceae	g__Trametes	s__Trametes_membranacea
MN148706.1	k__Eukaryota	p__Basidiomycota	c__Opisthokonta	o__Cystobasidiales	f__Cystobasidiaceae	g__Cystobasidium	s__Cystobasidium_slooffiae
KP322984.1	k__Eukaryota	p__Basidiomycota	c__Opisthokonta	o__Entylomatales	f__unidentified	g__Tilletiopsis	s__Tilletiopsis_lilacina
MN756639.1	k__Eukaryota	p__Ascomycota	c__dothideomyceta	o__Pleosporales	f__Phaeosphaeriaceae	g__Paraloratospora	s__Paraloratospora_camporesii
KX081106.1	k__Eukaryota	p__Basidiomycota	c__Opisthokonta	o__Polyporales	f__Polyporaceae	g__Perenniporia	s__Perenniporia_fraxinea
KJ410708.1	k__Eukaryota	p__Basidiomycota	c__Opisthokonta	o__Polyporales	f__Polyporaceae	g__Truncospora	s__Truncospora_mexicana
HQ728295.1	k__Eukaryota	p__Basidiomycota	c__Opisthokonta	o__Polyporales	f__unidentified	g__Spongipellis	s__Spongipellis_delectans
KP413162.1	k__Eukaryota	p__Basidiomycota	c__Opisthokonta	o__Cystobasidiales	f__unidentified	g__Occultifur	s__Occultifur_kilbournensis
MK442615.1	k__Eukaryota	p__Ascomycota	c__dothideomyceta	o__Pleosporales	f__Phaeosphaeriaceae	g__Piniphoma	s__Piniphoma_wesendahlina
MK050389.1	k__Eukaryota	p__Basidiomycota	c__Opisthokonta	o__Cystobasidiales	f__Cystobasidiaceae	g__Cystobasidium	s__Cystobasidium_raffinophilum
AB255605.1	k__Eukaryota	p__Ascomycota	c__sordariomyceta	o__Hypocreales	f__Clavicipitaceae	g__Claviceps	s__Claviceps_panicoidearum
AY373923.1	k__Eukaryota	p__Ascomycota	c__leotiomyceta	o__Eurotiales	f__Aspergillaceae	g__Penicillium	s__Penicillium_melinii
KC017758.1	k__Eukaryota	p__Basidiomycota	c__Opisthokonta	o__Polyporales	f__Polyporaceae	g__Trametes	s__Trametes_junipericola
MK874988.1	k__Eukaryota	p__Basidiomycota	c__Opisthokonta	o__Polyporales	f__Polyporaceae	g__Trametes	s__Trametes_maxima
HQ153420.1	k__Eukaryota	p__Basidiomycota	c__Opisthokonta	o__Polyporales	f__Meruliaceae	g__Mycoacia	s__Mycoacia_livida
KU999072.1	k__Eukaryota	p__Ascomycota	c__dothideomyceta	o__Pleosporales	f__Phaeosphaeriaceae	g__Paraphoma	s__Paraphoma_chlamydocopiosa
AF362059.1	k__Eukaryota	p__Ascomycota	c__dothideomyceta	o__Mycosphaerellales	f__Mycosphaerellaceae	g__Mycosphaerella	s__Mycosphaerella_recutita
KJ140542.1	k__Eukaryota	p__Basidiomycota	c__Opisthokonta	o__Polyporales	f__Polyporaceae	g__Dentocorticium	s__Dentocorticium_sulphurellum
JN943663.1	k__Eukaryota	p__Ascomycota	c__dothideomyceta	o__Pleosporales	f__Pleosporaceae	g__Pyrenophora	s__Pyrenophora_tetrarrhenae
KF251167.1	k__Eukaryota	p__Ascomycota	c__dothideomyceta	o__Pleosporales	f__Phaeosphaeriaceae	g__Paraphoma	s__Paraphoma_dioscoreae
KY103128.1	k__Eukaryota	p__Basidiomycota	c__Opisthokonta	o__Cystobasidiales	f__Cystobasidiaceae	g__Cystobasidium	s__Cystobasidium_calyptogenae
KX765265.1	k__Eukaryota	p__Ascomycota	c__dothideomyceta	o__Pleosporales	f__Phaeosphaeriaceae	g__Chaetosphaeronema	s__Chaetosphaeronema_achilleae
MT321796.1	k__Eukaryota	p__Ascomycota	c__dothideomyceta	o__Pleosporales	f__Didymosphaeriaceae	g__Elongaticollum	s__Elongaticollum_hedychii
AJ244251.1	k__Eukaryota	p__Ascomycota	c__dothideomyceta	o__Dothideales	f__Saccotheciaceae	g__Aureobasidium	s__Aureobasidium_caulivorum
MH023389.1	k__Eukaryota	p__Oomycota	c__Stramenopiles	o__Pythiales	f__Pythiaceae	g__Globisporangium	s__Globisporangium_ultimum
JX143583.1	k__Eukaryota	p__Ascomycota	c__dothideomyceta	o__Mycosphaerellales	f__Mycosphaerellaceae	g__Cercospora	s__Cercospora_coniogrammes
EU167604.1	k__Eukaryota	p__Ascomycota	c__dothideomyceta	o__Pleosporales	f__Phaeosphaeriaceae	g__Phaeosphaeria	s__Phaeosphaeria_rousseliana
MH857438.1	k__Eukaryota	p__Ascomycota	c__dothideomyceta	o__Pleosporales	f__Didymellaceae	g__Calophoma	s__Calophoma_vincetoxici
KC543139.1	k__Eukaryota	p__Basidiomycota	c__Opisthokonta	o__Polyporales	f__Fomitopsidaceae	g__Antrodia	s__Antrodia_macra
MK539972.1	k__Eukaryota	p__Ascomycota	c__dothideomyceta	o__Pleosporales	f__Pleosporaceae	g__Pyrenophora	s__Pyrenophora_avenicola
KF777149.1	k__Eukaryota	p__Ascomycota	c__dothideomyceta	o__Pleosporales	f__Didymellaceae	g__Nothophoma	s__Nothophoma_prosopidis
JX901793.1	k__Eukaryota	p__Ascomycota	c__dothideomyceta	o__Mycosphaerellales	f__Mycosphaerellaceae	g__Sphaerulina	s__Sphaerulina_abeliceae
KX306761.1	k__Eukaryota	p__Ascomycota	c__dothideomyceta	o__Pleosporales	f__Phaeosphaeriaceae	g__Muriphaeosphaeria	s__Muriphaeosphaeria_viburni
MF434195.1	k__Eukaryota	p__Ascomycota	c__dothideomyceta	o__Pleosporales	f__Pleosporaceae	g__Neocamarosporium	s__Neocamarosporium_salsolae
OM400545.1	k__Eukaryota	p__Basidiomycota	c__Opisthokonta	o__Polyporales	f__Polyporaceae	g__Trametes	s__Trametes_villosa
MG231543.1	k__Eukaryota	p__Basidiomycota	c__Opisthokonta	o__Polyporales	f__Irpicaceae	g__Gloeoporus	s__Gloeoporus_dichrous
KX752600.1	k__Eukaryota	p__Basidiomycota	c__Opisthokonta	o__Polyporales	f__Irpicaceae	g__Ceriporia	s__Ceriporia_viridans
MK764884.1	k__Eukaryota	p__Basidiomycota	c__Opisthokonta	o__Polyporales	f__Polyporaceae	g__Trametes	s__Trametes_hirsuta
LT158447.1	k__Eukaryota	p__Ascomycota	c__sordariomyceta	o__Helotiales	f__Rutstroemiaceae	g__Rutstroemia	s__Rutstroemia_sydowiana
KC595890.1	k__Eukaryota	p__Basidiomycota	c__Opisthokonta	o__Polyporales	f__Adustoporiaceae	g__Resinoporia	s__Resinoporia_crassa
MK426809.1	k__Eukaryota	p__Ascomycota	c__dothideomyceta	o__Pleosporales	f__Phaeosphaeriaceae	g__Paraphoma	s__Paraphoma_chrysanthemicola
AF422960.1	k__Eukaryota	p__Ascomycota	c__sordariomyceta	o__Magnaporthales	f__Magnaporthaceae	g__Buergenerula	s__Buergenerula_spartinae
JX141453.1	k__Eukaryota	p__Basidiomycota	c__Opisthokonta	o__Polyporales	f__Polyporaceae	g__Perenniporia	s__Perenniporia_tianmuensis
KJ410706.1	k__Eukaryota	p__Basidiomycota	c__Opisthokonta	o__Polyporales	f__Polyporaceae	g__Truncospora	s__Truncospora_floridana
EU030177.1	k__Eukaryota	p__Basidiomycota	c__Opisthokonta	o__Polyporales	f__Cerrenaceae	g__Cerrena	s__Cerrena_caperata
KT383824.1	k__Eukaryota	p__Ascomycota	c__dothideomyceta	o__Pleosporales	f__Phaeosphaeriaceae	g__Didymocyrtis	s__Didymocyrtis_epiphyscia
AJ244276.1	k__Eukaryota	p__Ascomycota	c__dothideomyceta	o__Dothideales	f__Dothioraceae	g__Pringsheimia	s__Pringsheimia_euphorbiae
KP134997.1	k__Eukaryota	p__Basidiomycota	c__Opisthokonta	o__Polyporales	f__Irpicaceae	g__Phanerochaetella	s__Phanerochaetella_xerophila
MK050394.1	k__Eukaryota	p__Basidiomycota	c__Opisthokonta	o__Cystobasidiales	f__unidentified	g__Begerowomyces	s__Begerowomyces_foliicola
MZ317630.1	k__Eukaryota	p__Basidiomycota	c__Opisthokonta	o__Polyporales	f__Irpicaceae	g__Flavodon	s__Flavodon_flavus
MF472945.1	k__Eukaryota	p__Ascomycota	c__dothideomyceta	o__Cladosporiales	f__Cladosporiaceae	g__Cladosporium	s__Cladosporium_coloradense
KX306768.1	k__Eukaryota	p__Ascomycota	c__leotiomyceta	o__Chaetothyriales	f__Herpotrichiellaceae	g__Rhinocladiella	s__Rhinocladiella_coryli
MZ636965.1	k__Eukaryota	p__Basidiomycota	c__Opisthokonta	o__Polyporales	f__Irpicaceae	g__Efibula	s__Efibula_tropica
MT741715.1	k__Eukaryota	p__Basidiomycota	c__Opisthokonta	o__Corticiales	f__Corticiaceae	g__Entomocorticium	s__Entomocorticium_sullivanii
MT231699.1	k__Eukaryota	p__Ascomycota	c__sordariomyceta	o__Helotiales	f__Lachnaceae	g__Lachnum	s__Lachnum_imbecille
MT908593.1	k__Eukaryota	p__Basidiomycota	c__Opisthokonta	o__Russulales	f__Peniophoraceae	g__Peniophora	s__Peniophora_crassitunicata
KC343220.1	k__Eukaryota	p__Ascomycota	c__sordariomyceta	o__Diaporthales	f__Diaporthaceae	g__Diaporthe	s__Diaporthe_toxica
MH864738.1	k__Eukaryota	p__Ascomycota	c__sordariomyceta	o__Hypocreales	f__Bionectriaceae	g__Clonostachys	s__Clonostachys_ralfsii
JN649340.1	k__Eukaryota	p__Basidiomycota	c__Opisthokonta	o__Polyporales	f__Panaceae	g__Cymatoderma	s__Cymatoderma_elegans
AY487079.1	k__Eukaryota	p__Ascomycota	c__sordariomyceta	o__Chaetomellales	f__Chaetomellaceae	g__Chaetomella	s__Chaetomella_oblonga
KP271443.1	k__Eukaryota	p__Ascomycota	c__dothideomyceta	o__Pleosporales	f__Pleosporaceae	g__Sulcispora	s__Sulcispora_supratumida
KY979758.1	k__Eukaryota	p__Ascomycota	c__dothideomyceta	o__Pleosporales	f__Phaeosphaeriaceae	g__Paraphoma	s__Paraphoma_rhaphiolepidis
MW114390.1	k__Eukaryota	p__Ascomycota	c__sordariomyceta	o__Xylariales	f__unidentified	g__Neoanthostomella	s__Neoanthostomella_fici
AM269782.1	k__Eukaryota	p__Basidiomycota	c__Opisthokonta	o__Hymenochaetales	f__Hymenochaetaceae	g__Inocutis	s__Inocutis_dryophila
KY984324.1	k__Eukaryota	p__Ascomycota	c__dothideomyceta	o__Pleosporales	f__Massarinaceae	g__Helminthosporium	s__Helminthosporium_microsorum
AY669617.1	k__Eukaryota	p__Basidiomycota	c__Opisthokonta	o__Agaricales	f__Cortinariaceae	g__Phlegmacium	s__Phlegmacium_lavendulense
JN164989.1	k__Eukaryota	p__Basidiomycota	c__Opisthokonta	o__Polyporales	f__Polyporaceae	g__Trametes	s__Trametes_cubensis
KC584194.1	k__Eukaryota	p__Ascomycota	c__dothideomyceta	o__Pleosporales	f__Pleosporaceae	g__Alternaria	s__Alternaria_dianthicola
KC986958.1	k__Eukaryota	p__Ascomycota	c__dothideomyceta	o__Pleosporales	f__Pleosporaceae	g__Paradendryphiella	s__Paradendryphiella_salina
JN710601.1	k__Eukaryota	p__Basidiomycota	c__Opisthokonta	o__Trechisporales	f__Hydnodontaceae	g__Trechispora	s__Trechispora_subhelvetica
MT310596.1	k__Eukaryota	p__Ascomycota	c__dothideomyceta	o__Pleosporales	f__Teichosporaceae	g__Pseudocyclothyriella	s__Pseudocyclothyriella_clematidis
AF013231.1	k__Eukaryota	p__Ascomycota	c__dothideomyceta	o__Dothideales	f__Dothideaceae	g__Rhizosphaera	s__Rhizosphaera_kalkhoffii
JN048778.1	k__Eukaryota	p__Basidiomycota	c__Opisthokonta	o__Polyporales	f__Polyporaceae	g__Perenniporia	s__Perenniporia_truncatospora
KX355485.1	k__Eukaryota	p__Basidiomycota	c__Opisthokonta	o__Corticiales	f__Corticiaceae	g__Confertobasidium	s__Confertobasidium_olivaceoalbum
MH860400.1	k__Eukaryota	p__Ascomycota	c__dothideomyceta	o__Dothideales	f__Dothioraceae	g__Dothiora	s__Dothiora_europaea
MW937876.1	k__Eukaryota	p__Basidiomycota	c__Opisthokonta	o__Polyporales	f__Fomitopsidaceae	g__Fomitopsis	s__Fomitopsis_bambusae
AJ244245.1	k__Eukaryota	p__Ascomycota	c__dothideomyceta	o__Dothideales	f__Dothioraceae	g__Dothiora	s__Dothiora_rhamni-alpinae
GU234143.1	k__Eukaryota	p__Basidiomycota	c__Opisthokonta	o__Agaricales	f__Strophariaceae	g__Hypholoma	s__Hypholoma_myosotis
JF961347.1	k__Eukaryota	p__Basidiomycota	c__Opisthokonta	o__Agaricales	f__Strophariaceae	g__Stropharia	s__Stropharia_jilinensis
KU728512.1	k__Eukaryota	p__Ascomycota	c__dothideomyceta	o__Dothideales	f__Dothioraceae	g__Dothiora	s__Dothiora_phaeosperma
MF319055.1	k__Eukaryota	p__Basidiomycota	c__Opisthokonta	o__Hymenochaetales	f__Rickenellaceae	g__Alloclavaria	s__Alloclavaria_purpurea
FJ403210.1	k__Eukaryota	p__Basidiomycota	c__Opisthokonta	o__Polyporales	f__Polyporaceae	g__Trametes	s__Trametes_pseudodochmia
EU249514.1	k__Eukaryota	p__Basidiomycota	c__Opisthokonta	o__Tremellales	f__Phaeotremellaceae	g__Gelidatrema	s__Gelidatrema_spencermartinsiae
JQ700296.1	k__Eukaryota	p__Basidiomycota	c__Opisthokonta	o__Polyporales	f__Fomitopsidaceae	g__Daedalea	s__Daedalea_quercina
MG828898.1	k__Eukaryota	p__Ascomycota	c__dothideomyceta	o__Dothideales	f__Dothideaceae	g__Endoconidioma	s__Endoconidioma_rosae-hissaricae
MW175365.1	k__Eukaryota	p__Ascomycota	c__dothideomyceta	o__Dothideales	f__Dothioraceae	g__Neodothiora	s__Neodothiora_populina
KY264029.1	k__Eukaryota	p__Basidiomycota	c__Opisthokonta	o__Polyporales	f__Fomitopsidaceae	g__Fomitopsis	s__Fomitopsis_palustris
MT028350.1	k__Eukaryota	p__Basidiomycota	c__Opisthokonta	o__Agaricales	f__Strophariaceae	g__Protostropharia	s__Protostropharia_luteonitens
KC505574.1	k__Eukaryota	p__Basidiomycota	c__Opisthokonta	o__Polyporales	f__Fomitopsidaceae	g__Daedalea	s__Daedalea_dickinsii
MK119762.1	k__Eukaryota	p__Basidiomycota	c__Opisthokonta	o__Polyporales	f__Fomitopsidaceae	g__Antrodia	s__Antrodia_griseoflavescens
MH860323.1	k__Eukaryota	p__Ascomycota	c__dothideomyceta	o__Dothideales	f__Dothioraceae	g__Dothiora	s__Dothiora_sorbi
MH862040.1	k__Eukaryota	p__Basidiomycota	c__Opisthokonta	o__Agaricales	f__unidentified	g__Baltazaria	s__Baltazaria_neogalactina
AY604526.1	k__Eukaryota	p__Ascomycota	c__dothideomyceta	o__Dothideales	f__Dothideaceae	g__Endoconidioma	s__Endoconidioma_populi
KP814546.1	k__Eukaryota	p__Basidiomycota	c__Opisthokonta	o__Cantharellales	f__Botryobasidiaceae	g__Botryobasidium	s__Botryobasidium_candicans
MT981409.1	k__Eukaryota	p__Basidiomycota	c__Opisthokonta	o__Cantharellales	f__Tulasnellaceae	g__Tulasnella	s__Tulasnella_korungensis
OK138912.1	k__Eukaryota	p__Basidiomycota	c__Opisthokonta	o__Polyporales	f__Phanerochaetaceae	g__Hyphodermella	s__Hyphodermella_pallidostraminea
KP994359.1	k__Eukaryota	p__Basidiomycota	c__Opisthokonta	o__Polyporales	f__Phanerochaetaceae	g__Phanerochaete	s__Phanerochaete_cumulodentata
MH861814.1	k__Eukaryota	p__Basidiomycota	c__Opisthokonta	o__Agaricales	f__unidentified	g__Baltazaria	s__Baltazaria_galactina
MT799859.1	k__Eukaryota	p__Ascomycota	c__dothideomyceta	o__Pleosporales	f__Didymosphaeriaceae	g__Austropleospora	s__Austropleospora_ochracea
MZ474647.1	k__Eukaryota	p__Basidiomycota	c__Opisthokonta	o__Polyporales	f__Polyporaceae	g__Trametes	s__Trametes_polyzona
EU304347.1	k__Eukaryota	p__Ascomycota	c__dothideomyceta	o__Myriangiales	f__unidentified	g__Endosporium	s__Endosporium_populi-tremuloides
KC867352.1	k__Eukaryota	p__Basidiomycota	c__Opisthokonta	o__Polyporales	f__Polyporaceae	g__Coriolopsis	s__Coriolopsis_aspera
MN250195.1	k__Eukaryota	p__Basidiomycota	c__Opisthokonta	o__Boletales	f__Boletaceae	g__Boletellus	s__Boletellus_domingensis
KF860882.1	k__Eukaryota	p__Basidiomycota	c__Opisthokonta	o__Polyporales	f__Polyporaceae	g__Lentinus	s__Lentinus_glabratus
OM100765.1	k__Eukaryota	p__Basidiomycota	c__Opisthokonta	o__Corticiales	f__Corticiaceae	g__Sistotrema	s__Sistotrema_coroniferum
OK564664.1	k__Eukaryota	p__Ascomycota	c__dothideomyceta	o__Pleosporales	f__Neohendersoniaceae	g__Crassiparies	s__Crassiparies_yunnanensis
MW273155.1	k__Eukaryota	p__Ascomycota	c__dothideomyceta	o__Mycosphaerellales	f__Mycosphaerellaceae	g__Ramularia	s__Ramularia_stachydis
JN169789.1	k__Eukaryota	p__Basidiomycota	c__Opisthokonta	o__Hymenochaetales	f__Hymenochaetaceae	g__Inocutis	s__Inocutis_subdryophila
FM872464.1	k__Eukaryota	p__Basidiomycota	c__Opisthokonta	o__Polyporales	f__Fomitopsidaceae	g__Brunneoporus	s__Brunneoporus_juniperinus
MW644574.1	k__Eukaryota	p__Basidiomycota	c__Opisthokonta	o__Agaricales	f__Strophariaceae	g__Pholiota	s__Pholiota_terrestris
KX228294.1	k__Eukaryota	p__Ascomycota	c__dothideomyceta	o__Pleosporales	f__Phaeosphaeriaceae	g__Phaeosphaeria	s__Phaeosphaeria_breonadiae
AF444320.1	k__Eukaryota	p__Basidiomycota	c__Opisthokonta	o__Tremellales	f__Cuniculitremaceae	g__Sterigmatosporidium	s__Sterigmatosporidium_polymorphum
MW205691.1	k__Eukaryota	p__Basidiomycota	c__Opisthokonta	o__Agaricales	f__Strophariaceae	g__Protostropharia	s__Protostropharia_ovalispora
JN649366.1	k__Eukaryota	p__Basidiomycota	c__Opisthokonta	o__Polyporales	f__Podoscyphaceae	g__Podoscypha	s__Podoscypha_venustula
KU728503.1	k__Eukaryota	p__Ascomycota	c__dothideomyceta	o__Dothideales	f__Dothioraceae	g__Dothiora	s__Dothiora_laureolae
MF185132.1	k__Eukaryota	p__Ascomycota	c__dothideomyceta	o__Pleosporales	f__Pleosporaceae	g__Bipolaris	s__Bipolaris_oryzae
JX089579.1	k__Eukaryota	p__Ascomycota	c__dothideomyceta	o__Pleosporales	f__Pleosporaceae	g__Bipolaris	s__Bipolaris_microstegii
HF934949.1	k__Eukaryota	p__Ascomycota	c__dothideomyceta	o__Pleosporales	f__Pleosporaceae	g__Exserohilum	s__Exserohilum_oryzicola
KC176299.1	k__Eukaryota	p__Basidiomycota	c__Opisthokonta	o__Agaricales	f__Tricholomataceae	g__Fayodia	s__Fayodia_gracilipes
MF039251.1	k__Eukaryota	p__Basidiomycota	c__Opisthokonta	o__Agaricales	f__Tubariaceae	g__Phaeomarasmius	s__Phaeomarasmius_erinaceus
MT177938.1	k__Eukaryota	p__Ascomycota	c__sordariomyceta	o__Diaporthales	f__Gnomoniaceae	g__Apiognomonia	s__Apiognomonia_pseudohystrix
LC373105.1	k__Eukaryota	p__Ascomycota	c__dothideomyceta	o__Pleosporales	f__Longiostiolaceae	g__Crassiperidium	s__Crassiperidium_octosporum
AF444362.2	k__Eukaryota	p__Basidiomycota	c__Opisthokonta	o__Filobasidiales	f__Filobasidiaceae	g__Heterocephalacria	s__Heterocephalacria_arrabidensis
AB915387.1	k__Eukaryota	p__Basidiomycota	c__Opisthokonta	o__Tremellales	f__Rhynchogastremaceae	g__Papiliotrema	s__Papiliotrema_siamensis
KC584238.1	k__Eukaryota	p__Ascomycota	c__dothideomyceta	o__Pleosporales	f__Pleosporaceae	g__Stemphylium	s__Stemphylium_botryosum
JX134278.1	k__Eukaryota	p__Basidiomycota	c__Opisthokonta	o__Polyporales	f__Polyporaceae	g__Funalia	s__Funalia_rigida
EU825968.1	k__Eukaryota	p__Basidiomycota	c__Opisthokonta	o__Agaricales	f__Hygrophoraceae	g__Cora	s__Cora_minor
EF600979.1	k__Eukaryota	p__Ascomycota	c__dothideomyceta	o__Pleosporales	f__Didymellaceae	g__Ascochyta	s__Ascochyta_maackiae
LC175333.1	k__Eukaryota	p__Basidiomycota	c__Opisthokonta	o__Cantharellales	f__Tulasnellaceae	g__Tulasnella	s__Tulasnella_deliquescens
EU118665.1	k__Eukaryota	p__Basidiomycota	c__Opisthokonta	o__Polyporales	f__Meruliaceae	g__Scopuloides	s__Scopuloides_hydnoides
MK909935.1	k__Eukaryota	p__Ascomycota	c__leotiomyceta	o__Eurotiales	f__Aspergillaceae	g__Aspergillus	s__Aspergillus_pseudoelegans
MH857544.1	k__Eukaryota	p__Ascomycota	c__sordariomyceta	o__Hypocreales	f__Bionectriaceae	g__Gliomastix	s__Gliomastix_roseogrisea
KM975421.1	k__Eukaryota	p__Basidiomycota	c__Opisthokonta	o__Agaricales	f__Strophariaceae	g__Hypholoma	s__Hypholoma_brunneum
KC585316.1	k__Eukaryota	p__Basidiomycota	c__Opisthokonta	o__Polyporales	f__Auriporiaceae	g__Auriporia	s__Auriporia_aurea
MW750241.1	k__Eukaryota	p__Basidiomycota	c__Opisthokonta	o__Polyporales	f__Polyporaceae	g__Ganoderma	s__Ganoderma_neojaponicum
KP004458.1	k__Eukaryota	p__Ascomycota	c__dothideomyceta	o__Mycosphaerellales	f__Mycosphaerellaceae	g__Zasmidium	s__Zasmidium_eucalyptigenum
MK418793.1	k__Eukaryota	p__Ascomycota	c__dothideomyceta	o__Pleosporales	f__Cucurbitariaceae	g__Protofenestella	s__Protofenestella_ulmi
KX820255.1	k__Eukaryota	p__Ascomycota	c__dothideomyceta	o__Pleosporales	f__Neohendersoniaceae	g__Neohendersonia	s__Neohendersonia_kickxii
MZ637008.1	k__Eukaryota	p__Basidiomycota	c__Opisthokonta	o__Polyporales	f__Meruliaceae	g__Mycoacia	s__Mycoacia_subfascicularis
DQ340340.1	k__Eukaryota	p__Basidiomycota	c__Opisthokonta	o__Hymenochaetales	f__Schizoporaceae	g__Alutaceodontia	s__Alutaceodontia_alutacea
MK269226.1	k__Eukaryota	p__Basidiomycota	c__Opisthokonta	o__Polyporales	f__Polyporaceae	g__Trametes	s__Trametes_ellipsospora
GU237761.1	k__Eukaryota	p__Ascomycota	c__dothideomyceta	o__Pleosporales	f__Didymellaceae	g__Neodidymelliopsis	s__Neodidymelliopsis_cannabis
MH697849.1	k__Eukaryota	p__Basidiomycota	c__Opisthokonta	o__Agaricales	f__unidentified	g__Hemistropharia	s__Hemistropharia_subalbocrenulata
KY905674.1	k__Eukaryota	p__Ascomycota	c__dothideomyceta	o__Pleosporales	f__Pleosporaceae	g__Bipolaris	s__Bipolaris_saccharicola
KX228262.1	k__Eukaryota	p__Ascomycota	c__dothideomyceta	o__Mycosphaerellales	f__Mycosphaerellaceae	g__Ramularia	s__Ramularia_citricola
MW443076.1	k__Eukaryota	p__Ascomycota	c__dothideomyceta	o__Dothideales	f__Saccotheciaceae	g__Pseudosydowia	s__Pseudosydowia_indooroopillyensis
KX287332.1	k__Eukaryota	p__Ascomycota	c__dothideomyceta	o__Mycosphaerellales	f__Mycosphaerellaceae	g__Ramularia	s__Ramularia_armoraciae
JX623902.1	k__Eukaryota	p__Basidiomycota	c__Opisthokonta	o__Polyporales	f__Irpicaceae	g__Ceriporia	s__Ceriporia_aurantiocarnescens
KU712445.1	k__Eukaryota	p__Ascomycota	c__dothideomyceta	o__Pleosporales	f__unidentified	g__Subglobosporium	s__Subglobosporium_tectonae
AY818350.1	k__Eukaryota	p__Basidiomycota	c__Opisthokonta	o__Agaricales	f__Strophariaceae	g__Stropharia	s__Stropharia_ambigua
MZ636980.1	k__Eukaryota	p__Basidiomycota	c__Opisthokonta	o__Polyporales	f__Irpicaceae	g__Vitreoporus	s__Vitreoporus_orientalis
MH855783.1	k__Eukaryota	p__Ascomycota	c__dothideomyceta	o__Mycosphaerellales	f__Mycosphaerellaceae	g__Ramularia	s__Ramularia_deusta
KP641179.1	k__Eukaryota	p__Ascomycota	c__dothideomyceta	o__Dothideales	f__Dothioraceae	g__Dothiora	s__Dothiora_viticola
LC175323.1	k__Eukaryota	p__Basidiomycota	c__Opisthokonta	o__Cantharellales	f__Tulasnellaceae	g__Tulasnella	s__Tulasnella_cumulopuntioides
KX287433.1	k__Eukaryota	p__Ascomycota	c__dothideomyceta	o__Mycosphaerellales	f__Mycosphaerellaceae	g__Ramularia	s__Ramularia_hydrangeae-macrophyllae
MH857751.1	k__Eukaryota	p__Ascomycota	c__dothideomyceta	o__Dothideales	f__Dothideaceae	g__Dothidea	s__Dothidea_muelleri
HQ728117.1	k__Eukaryota	p__Ascomycota	c__dothideomyceta	o__Mycosphaerellales	f__Mycosphaerellaceae	g__Ramularia	s__Ramularia_cynarae
KC543137.1	k__Eukaryota	p__Basidiomycota	c__Opisthokonta	o__Polyporales	f__Fomitopsidaceae	g__Antrodia	s__Antrodia_serpens
DQ991348.1	k__Eukaryota	p__Basidiomycota	c__Opisthokonta	o__Agaricales	f__Tubariaceae	g__Tubaria	s__Tubaria_punicea
MF626362.1	k__Eukaryota	p__Basidiomycota	c__Opisthokonta	o__Polyporales	f__Polyporaceae	g__Dentocorticium	s__Dentocorticium_taiwanianum
MF443252.1	k__Eukaryota	p__Ascomycota	c__dothideomyceta	o__Dothideales	f__Dothioraceae	g__Dothiora	s__Dothiora_coronillae
KX287513.1	k__Eukaryota	p__Ascomycota	c__dothideomyceta	o__Mycosphaerellales	f__Mycosphaerellaceae	g__Ramularia	s__Ramularia_stellariicola
HQ222028.1	k__Eukaryota	p__Basidiomycota	c__Opisthokonta	o__Agaricales	f__Strophariaceae	g__Pholiota	s__Pholiota_tennesseensis
MZ935640.1	k__Eukaryota	p__Basidiomycota	c__Opisthokonta	o__Agaricales	f__Tricholomataceae	g__Caulorhiza	s__Caulorhiza_umbonata
MG386053.1	k__Eukaryota	p__Ascomycota	c__dothideomyceta	o__Dothideales	f__Dothideaceae	g__Dothidea	s__Dothidea_eucalypti
KF568893.1	k__Eukaryota	p__Basidiomycota	c__Opisthokonta	o__Polyporales	f__Polyporaceae	g__Perenniporia	s__Perenniporia_cinereofusca
JN411116.1	k__Eukaryota	p__Basidiomycota	c__Opisthokonta	o__Polyporales	f__Polyporaceae	g__Grammothele	s__Grammothele_lineata
